partialState.ts,partialTypedState.ts,pickInterfaceState.ts,seperateInterfaces.ts
1.60227923926,1.5903369715599998,1.57269045326,1.6260808576600003
1.6831201708599999,1.6977694816600004,1.6741158719600002,1.6100326744600004
1.9362737558599998,1.88037021996,1.6617315865599998,1.64018230356
1.80101458088,1.9038899179800002,1.8066835494800002,1.7558486636800001
1.72456481974,1.7600848203400001,1.7269558287400002,1.7312082133399997
1.80936817524,1.9252463948399998,1.8320088828399999,1.7116803628400004
