{
  "results": [
    {
      "command": "./node_modules/.bin/tsc dist/partialState.ts",
      "mean": 2.6029573292399997,
      "stddev": 0.019626432926017397,
      "median": 2.5997637116399996,
      "user": 4.20457324,
      "system": 0.16530048000000003,
      "min": 2.5765946071399997,
      "max": 2.6381420361399996,
      "times": [
        2.6095327351399997,
        2.59449447014,
        2.62972232014,
        2.60503295314,
        2.58210507514,
        2.59238537414,
        2.5923486481399998,
        2.6381420361399996,
        2.5765946071399997,
        2.6092150731399997
      ],
      "exit_codes": [
        0,
        0,
        0,
        0,
        0,
        0,
        0,
        0,
        0,
        0
      ]
    },
    {
      "command": "./node_modules/.bin/tsc dist/partialTypedState.ts",
      "mean": 2.64052694994,
      "stddev": 0.09375074150757923,
      "median": 2.66533724764,
      "user": 4.2428304400000005,
      "system": 0.16986638,
      "min": 2.42431433814,
      "max": 2.74676244914,
      "times": [
        2.64171646514,
        2.5767907371399996,
        2.6213693551399997,
        2.74676244914,
        2.68895803014,
        2.42431433814,
        2.5943105211399997,
        2.69244250514,
        2.70850035914,
        2.7101047391399997
      ],
      "exit_codes": [
        0,
        0,
        0,
        0,
        0,
        0,
        0,
        0,
        0,
        0
      ]
    },
    {
      "command": "./node_modules/.bin/tsc dist/pickInterfaceState.ts",
      "mean": 2.45148346694,
      "stddev": 0.06543656076931981,
      "median": 2.4444694346399998,
      "user": 3.95071494,
      "system": 0.14081008,
      "min": 2.3533978591399998,
      "max": 2.59578818414,
      "times": [
        2.4032372131399997,
        2.44229323714,
        2.59578818414,
        2.3533978591399998,
        2.47719885714,
        2.41066650314,
        2.4466456321399996,
        2.43010950914,
        2.45042305914,
        2.50507461514
      ],
      "exit_codes": [
        0,
        0,
        0,
        0,
        0,
        0,
        0,
        0,
        0,
        0
      ]
    },
    {
      "command": "./node_modules/.bin/tsc dist/seperateInterfaces.ts",
      "mean": 2.39334574684,
      "stddev": 0.10980749192663698,
      "median": 2.36817839364,
      "user": 3.8622698399999997,
      "system": 0.14726038000000002,
      "min": 2.28451215514,
      "max": 2.67040531814,
      "times": [
        2.4035439291399996,
        2.67040531814,
        2.41990628914,
        2.3876342341399996,
        2.4413411421399998,
        2.29899959814,
        2.28451215514,
        2.34872255314,
        2.3369625421399998,
        2.3414297071399996
      ],
      "exit_codes": [
        0,
        0,
        0,
        0,
        0,
        0,
        0,
        0,
        0,
        0
      ]
    }
  ]
}
