{
  "results": [
    {
      "command": "./node_modules/.bin/tsc dist/partialState.ts",
      "mean": 2.88275638856,
      "stddev": 0.05977245710941258,
      "median": 2.88390407756,
      "user": 4.68532264,
      "system": 0.19168473999999996,
      "min": 2.81995761056,
      "max": 3.03340487356,
      "times": [
        2.81995761056,
        2.88309509756,
        2.89463964556,
        2.8950790725599997,
        2.82927076056,
        2.85136425656,
        3.03340487356,
        2.84635701756,
        2.88968249356,
        2.88471305756
      ],
      "exit_codes": [
        0,
        0,
        0,
        0,
        0,
        0,
        0,
        0,
        0,
        0
      ]
    },
    {
      "command": "./node_modules/.bin/tsc dist/partialTypedState.ts",
      "mean": 2.8667473281599998,
      "stddev": 0.060567052258676486,
      "median": 2.84162373906,
      "user": 4.67201324,
      "system": 0.18983734,
      "min": 2.80259176056,
      "max": 2.99795983956,
      "times": [
        2.81474383556,
        2.8411244935599997,
        2.83196794256,
        2.83202713956,
        2.80259176056,
        2.84212298456,
        2.89614312356,
        2.8761000385599997,
        2.99795983956,
        2.93269212356
      ],
      "exit_codes": [
        0,
        0,
        0,
        0,
        0,
        0,
        0,
        0,
        0,
        0
      ]
    },
    {
      "command": "./node_modules/.bin/tsc dist/pickInterfaceState.ts",
      "mean": 2.5684668866600004,
      "stddev": 0.05985170500981252,
      "median": 2.54653609606,
      "user": 4.11553524,
      "system": 0.15632944000000001,
      "min": 2.5029503965599997,
      "max": 2.66655620656,
      "times": [
        2.66655620656,
        2.59605589556,
        2.60751874656,
        2.54710235856,
        2.5029503965599997,
        2.53007579756,
        2.54596983356,
        2.51353792256,
        2.65768440656,
        2.5172173025599998
      ],
      "exit_codes": [
        0,
        0,
        0,
        0,
        0,
        0,
        0,
        0,
        0,
        0
      ]
    },
    {
      "command": "./node_modules/.bin/tsc dist/seperateInterfaces.ts",
      "mean": 2.41441694386,
      "stddev": 0.058825143423237414,
      "median": 2.42430827256,
      "user": 3.89036374,
      "system": 0.15057014,
      "min": 2.3475955755599998,
      "max": 2.53423511056,
      "times": [
        2.42208850756,
        2.53423511056,
        2.43993236156,
        2.3819386265599998,
        2.34858562356,
        2.3475955755599998,
        2.43180787356,
        2.3527028895599997,
        2.45875483256,
        2.42652803756
      ],
      "exit_codes": [
        0,
        0,
        0,
        0,
        0,
        0,
        0,
        0,
        0,
        0
      ]
    }
  ]
}
