{
  "results": [
    {
      "command": "./node_modules/.bin/tsc dist/partialState.ts",
      "mean": 2.55041653176,
      "stddev": 0.00935078738926235,
      "median": 2.54807435696,
      "user": 4.155493279999999,
      "system": 0.15860658,
      "min": 2.53995009496,
      "max": 2.56932673396,
      "times": [
        2.5485454609600002,
        2.56932673396,
        2.54760325296,
        2.55229787696,
        2.53995009496,
        2.55127642196,
        2.5434292479600003,
        2.54189440196,
        2.54649265896,
        2.56334916696
      ],
      "exit_codes": [
        0,
        0,
        0,
        0,
        0,
        0,
        0,
        0,
        0,
        0
      ]
    },
    {
      "command": "./node_modules/.bin/tsc dist/partialTypedState.ts",
      "mean": 2.67194389246,
      "stddev": 0.19092425001591104,
      "median": 2.58726385146,
      "user": 4.30865648,
      "system": 0.17369898,
      "min": 2.52736016796,
      "max": 3.10279107196,
      "times": [
        2.54777561896,
        2.52736016796,
        2.55406506896,
        2.64154700096,
        3.10279107196,
        2.89087962196,
        2.75169840596,
        2.62020970796,
        2.55431799496,
        2.52879426496
      ],
      "exit_codes": [
        0,
        0,
        0,
        0,
        0,
        0,
        0,
        0,
        0,
        0
      ]
    },
    {
      "command": "./node_modules/.bin/tsc dist/pickInterfaceState.ts",
      "mean": 2.1847070453599997,
      "stddev": 0.11228761509494714,
      "median": 2.13362310046,
      "user": 3.5816487799999996,
      "system": 0.11724838,
      "min": 2.08220107696,
      "max": 2.36680159296,
      "times": [
        2.36680159296,
        2.34792309596,
        2.18188525796,
        2.30744521496,
        2.09185426496,
        2.10625135496,
        2.12531954896,
        2.14192665196,
        2.08220107696,
        2.09546239396
      ],
      "exit_codes": [
        0,
        0,
        0,
        0,
        0,
        0,
        0,
        0,
        0,
        0
      ]
    },
    {
      "command": "./node_modules/.bin/tsc dist/seperateInterfaces.ts",
      "mean": 1.98050783246,
      "stddev": 0.07505477660628153,
      "median": 1.95646528346,
      "user": 3.2985662799999993,
      "system": 0.10812017999999998,
      "min": 1.91890545496,
      "max": 2.13492916096,
      "times": [
        2.08512082296,
        1.94877153496,
        1.92196131496,
        1.92250801896,
        1.91890545496,
        1.96534271796,
        1.92889606396,
        2.13492916096,
        2.01448420296,
        1.96415903196
      ],
      "exit_codes": [
        0,
        0,
        0,
        0,
        0,
        0,
        0,
        0,
        0,
        0
      ]
    }
  ]
}
