{
  "results": [
    {
      "command": "./node_modules/.bin/tsc dist/partialState.ts",
      "mean": 2.4112002874000007,
      "stddev": 0.036986937723313684,
      "median": 2.4130372094,
      "user": 3.9975224,
      "system": 0.15148656,
      "min": 2.3617623924,
      "max": 2.4918341374,
      "times": [
        2.4373172524,
        2.4175305464,
        2.4143005904000003,
        2.3617623924,
        2.4918341374,
        2.3963967694000003,
        2.3986745324000003,
        2.4117738284,
        2.3641997354,
        2.4182130894
      ],
      "exit_codes": [
        0,
        0,
        0,
        0,
        0,
        0,
        0,
        0,
        0,
        0
      ]
    },
    {
      "command": "./node_modules/.bin/tsc dist/partialTypedState.ts",
      "mean": 2.3921833213,
      "stddev": 0.03449365593405314,
      "median": 2.3940858034000003,
      "user": 3.9748467000000005,
      "system": 0.15058026,
      "min": 2.3332976394,
      "max": 2.4443268964000002,
      "times": [
        2.3964828154,
        2.3549834124,
        2.4245175164000003,
        2.4443268964000002,
        2.3710744194,
        2.4106473894000002,
        2.3916887914,
        2.3725809054,
        2.3332976394,
        2.4222334274
      ],
      "exit_codes": [
        0,
        0,
        0,
        0,
        0,
        0,
        0,
        0,
        0,
        0
      ]
    },
    {
      "command": "./node_modules/.bin/tsc dist/pickInterfaceState.ts",
      "mean": 2.1216752897,
      "stddev": 0.05736684346314622,
      "median": 2.1119037914,
      "user": 3.4419671999999997,
      "system": 0.11615225999999998,
      "min": 2.0613813674,
      "max": 2.2717817544,
      "times": [
        2.0613813674,
        2.1473166424000003,
        2.1134880664,
        2.2717817544,
        2.0871072374,
        2.1179943124,
        2.1103195164,
        2.0966020614,
        2.1160965004000003,
        2.0946654384000003
      ],
      "exit_codes": [
        0,
        0,
        0,
        0,
        0,
        0,
        0,
        0,
        0,
        0
      ]
    },
    {
      "command": "./node_modules/.bin/tsc dist/seperateInterfaces.ts",
      "mean": 1.9718004795000001,
      "stddev": 0.030761494439155483,
      "median": 1.9680818034,
      "user": 3.2295372,
      "system": 0.10809636,
      "min": 1.9363998894,
      "max": 2.0472906834,
      "times": [
        1.9685590894000002,
        1.9363998894,
        2.0472906834,
        1.9932316324000001,
        1.9429177904000001,
        1.9645920494000002,
        1.9584092644000002,
        1.9688051844000003,
        1.9701946944000002,
        1.9676045174
      ],
      "exit_codes": [
        0,
        0,
        0,
        0,
        0,
        0,
        0,
        0,
        0,
        0
      ]
    }
  ]
}
