{
  "results": [
    {
      "command": "./node_modules/.bin/tsc dist/partialState.ts",
      "mean": 2.8869405089000004,
      "stddev": 0.04092257486998701,
      "median": 2.8989321731000004,
      "user": 4.70517284,
      "system": 0.18585086,
      "min": 2.8354209871,
      "max": 2.9376970111,
      "times": [
        2.9376970111,
        2.9075315421,
        2.9242399131,
        2.9288439181,
        2.8409764001,
        2.8481519871000005,
        2.8354209871,
        2.8903328041000003,
        2.8428531771000003,
        2.9133573491
      ],
      "exit_codes": [
        0,
        0,
        0,
        0,
        0,
        0,
        0,
        0,
        0,
        0
      ]
    },
    {
      "command": "./node_modules/.bin/tsc dist/partialTypedState.ts",
      "mean": 2.972231189300001,
      "stddev": 0.09769801453002104,
      "median": 2.9498294281,
      "user": 4.820633239999999,
      "system": 0.19838356,
      "min": 2.8330753631000003,
      "max": 3.1549927681,
      "times": [
        3.1287019071000004,
        2.9470897891000005,
        3.1549927681,
        2.9795842351000004,
        2.9525690671,
        2.9148811411000004,
        2.9562605961000004,
        2.9325948371000004,
        2.8330753631000003,
        2.9225621891
      ],
      "exit_codes": [
        0,
        0,
        0,
        0,
        0,
        0,
        0,
        0,
        0,
        0
      ]
    },
    {
      "command": "./node_modules/.bin/tsc dist/pickInterfaceState.ts",
      "mean": 2.5726053467999996,
      "stddev": 0.0609537085581002,
      "median": 2.5675486051000003,
      "user": 4.10788644,
      "system": 0.15098205999999997,
      "min": 2.5011898661000003,
      "max": 2.7057189221,
      "times": [
        2.5678037101,
        2.5274248061,
        2.7057189221,
        2.5264051081,
        2.5672935001000003,
        2.6153171961000004,
        2.5682066941,
        2.6210282331,
        2.5011898661000003,
        2.5256654321000003
      ],
      "exit_codes": [
        0,
        0,
        0,
        0,
        0,
        0,
        0,
        0,
        0,
        0
      ]
    },
    {
      "command": "./node_modules/.bin/tsc dist/seperateInterfaces.ts",
      "mean": 2.4425435076000004,
      "stddev": 0.08570885580968726,
      "median": 2.4197430246000002,
      "user": 3.9135034399999995,
      "system": 0.14833626,
      "min": 2.3542811441000002,
      "max": 2.5893777781000002,
      "times": [
        2.4111516371,
        2.4446564921,
        2.5893777781000002,
        2.5697255951000004,
        2.5086962491,
        2.4283344121000003,
        2.3868775511000004,
        2.3542811441000002,
        2.3548791661000004,
        2.3774550511
      ],
      "exit_codes": [
        0,
        0,
        0,
        0,
        0,
        0,
        0,
        0,
        0,
        0
      ]
    }
  ]
}
