{
  "results": [
    {
      "command": "./node_modules/.bin/tsc dist/partialState.ts",
      "mean": 1.8721279605000003,
      "stddev": 0.023151345341528757,
      "median": 1.8813474498000002,
      "user": 3.0889825199999996,
      "system": 0.11722528000000002,
      "min": 1.8345372538000002,
      "max": 1.8934818688,
      "times": [
        1.8894521298,
        1.8408234658000002,
        1.8618146858000002,
        1.8930721568000002,
        1.8742859958000002,
        1.8884089038,
        1.8934818688,
        1.8519734878,
        1.8934296568,
        1.8345372538000002
      ],
      "exit_codes": [
        0,
        0,
        0,
        0,
        0,
        0,
        0,
        0,
        0,
        0
      ]
    },
    {
      "command": "./node_modules/.bin/tsc dist/partialTypedState.ts",
      "mean": 1.8775851434,
      "stddev": 0.029408538841651503,
      "median": 1.8843746298,
      "user": 3.10380822,
      "system": 0.11500997999999998,
      "min": 1.8374943408000002,
      "max": 1.9170913208,
      "times": [
        1.8374943408000002,
        1.8982561498,
        1.8397179678,
        1.9104057508,
        1.9170913208,
        1.8475580838,
        1.8606645248000002,
        1.8899094718,
        1.8788397878,
        1.8959140358000002
      ],
      "exit_codes": [
        0,
        0,
        0,
        0,
        0,
        0,
        0,
        0,
        0,
        0
      ]
    },
    {
      "command": "./node_modules/.bin/tsc dist/pickInterfaceState.ts",
      "mean": 1.7962723589,
      "stddev": 0.0554583735590237,
      "median": 1.7875922158000002,
      "user": 2.99589312,
      "system": 0.10238647999999999,
      "min": 1.7350173298,
      "max": 1.9005097098000001,
      "times": [
        1.7874373868000002,
        1.7484103128,
        1.8261307248,
        1.8323593078,
        1.9005097098000001,
        1.8535026798,
        1.7350173298,
        1.7877470448000001,
        1.7403978858000002,
        1.7512112068
      ],
      "exit_codes": [
        0,
        0,
        0,
        0,
        0,
        0,
        0,
        0,
        0,
        0
      ]
    },
    {
      "command": "./node_modules/.bin/tsc dist/seperateInterfaces.ts",
      "mean": 1.7209854339000004,
      "stddev": 0.029287741361555316,
      "median": 1.7331397683,
      "user": 2.8557329200000003,
      "system": 0.09878477999999999,
      "min": 1.6764330168,
      "max": 1.7598948108,
      "times": [
        1.7598948108,
        1.7294515128,
        1.6764330168,
        1.7446082728,
        1.7436175278000001,
        1.6903103288,
        1.7406128828,
        1.6990904368000002,
        1.6890075258000001,
        1.7368280238
      ],
      "exit_codes": [
        0,
        0,
        0,
        0,
        0,
        0,
        0,
        0,
        0,
        0
      ]
    }
  ]
}
