{
  "results": [
    {
      "command": "./node_modules/.bin/tsc dist/partialState.ts",
      "mean": 3.0347668580600002,
      "stddev": 0.1441906256782398,
      "median": 2.97989855466,
      "user": 4.90242452,
      "system": 0.20557724,
      "min": 2.89127983866,
      "max": 3.31180605866,
      "times": [
        3.05295491066,
        3.11327422966,
        3.31180605866,
        3.23691482666,
        2.97849923966,
        2.94786329166,
        2.98129786966,
        2.93984193066,
        2.89127983866,
        2.8939363846600004
      ],
      "exit_codes": [
        0,
        0,
        0,
        0,
        0,
        0,
        0,
        0,
        0,
        0
      ]
    },
    {
      "command": "./node_modules/.bin/tsc dist/partialTypedState.ts",
      "mean": 2.9143507213600004,
      "stddev": 0.053703294542847356,
      "median": 2.89645296766,
      "user": 4.641041119999999,
      "system": 0.19016013999999998,
      "min": 2.8648201766600003,
      "max": 3.01307117866,
      "times": [
        2.8921583876600003,
        3.0069444086600003,
        2.9141431046600004,
        3.01307117866,
        2.8648201766600003,
        2.8686926876600003,
        2.87800311266,
        2.9007475476600004,
        2.88224221466,
        2.92268439466
      ],
      "exit_codes": [
        0,
        0,
        0,
        0,
        0,
        0,
        0,
        0,
        0,
        0
      ]
    },
    {
      "command": "./node_modules/.bin/tsc dist/pickInterfaceState.ts",
      "mean": 2.6082864731599997,
      "stddev": 0.05270848914624452,
      "median": 2.6124955631600004,
      "user": 4.13356082,
      "system": 0.15232064,
      "min": 2.52196167566,
      "max": 2.67640361166,
      "times": [
        2.6207371096600003,
        2.6734281496600003,
        2.60425401666,
        2.53209919766,
        2.52196167566,
        2.6265335206600002,
        2.5997428586600004,
        2.67640361166,
        2.58050094366,
        2.64720364766
      ],
      "exit_codes": [
        0,
        0,
        0,
        0,
        0,
        0,
        0,
        0,
        0,
        0
      ]
    },
    {
      "command": "./node_modules/.bin/tsc dist/seperateInterfaces.ts",
      "mean": 2.43042609276,
      "stddev": 0.0617722798259352,
      "median": 2.4083385441600003,
      "user": 3.89084122,
      "system": 0.14458783999999997,
      "min": 2.39051053266,
      "max": 2.59340688666,
      "times": [
        2.4087293396600002,
        2.42007170466,
        2.39060011766,
        2.46953924966,
        2.42510701666,
        2.40083182566,
        2.59340688666,
        2.39751650566,
        2.4079477486600003,
        2.39051053266
      ],
      "exit_codes": [
        0,
        0,
        0,
        0,
        0,
        0,
        0,
        0,
        0,
        0
      ]
    }
  ]
}
