{
  "results": [
    {
      "command": "./node_modules/.bin/tsc dist/partialState.ts",
      "mean": 1.63310188194,
      "stddev": 0.04151778411046748,
      "median": 1.6231259471400001,
      "user": 2.7889919199999995,
      "system": 0.1045485,
      "min": 1.58319024964,
      "max": 1.7177696366400002,
      "times": [
        1.6406319046400002,
        1.7177696366400002,
        1.6921085876400002,
        1.5988782006400002,
        1.6230727146400001,
        1.6231791796400001,
        1.58319024964,
        1.6290839306400002,
        1.61145256864,
        1.61165184664
      ],
      "exit_codes": [
        0,
        0,
        0,
        0,
        0,
        0,
        0,
        0,
        0,
        0
      ]
    },
    {
      "command": "./node_modules/.bin/tsc dist/partialTypedState.ts",
      "mean": 1.6466603255399999,
      "stddev": 0.04653143408000006,
      "median": 1.6565305886400001,
      "user": 2.8080951199999995,
      "system": 0.10717639999999999,
      "min": 1.5521989346400002,
      "max": 1.6965945686400001,
      "times": [
        1.6965945686400001,
        1.6826576126400001,
        1.6346258376400002,
        1.6243067636400002,
        1.68726600364,
        1.6823351886400002,
        1.6078767606400002,
        1.5521989346400002,
        1.67843533964,
        1.6203062456400001
      ],
      "exit_codes": [
        0,
        0,
        0,
        0,
        0,
        0,
        0,
        0,
        0,
        0
      ]
    },
    {
      "command": "./node_modules/.bin/tsc dist/pickInterfaceState.ts",
      "mean": 1.6032393388400004,
      "stddev": 0.056524120272032324,
      "median": 1.5965023551400002,
      "user": 2.6597865199999995,
      "system": 0.1017209,
      "min": 1.53440328264,
      "max": 1.6907636936400001,
      "times": [
        1.5389514276400003,
        1.6907636936400001,
        1.6764597066400002,
        1.65349218364,
        1.6182469376400002,
        1.5722904516400003,
        1.5547809946400002,
        1.53440328264,
        1.5776037126400002,
        1.6154009976400001
      ],
      "exit_codes": [
        0,
        0,
        0,
        0,
        0,
        0,
        0,
        0,
        0,
        0
      ]
    },
    {
      "command": "./node_modules/.bin/tsc dist/seperateInterfaces.ts",
      "mean": 1.49077059244,
      "stddev": 0.020818985750309944,
      "median": 1.49022723614,
      "user": 2.4895135199999996,
      "system": 0.0896562,
      "min": 1.46205061164,
      "max": 1.52906991864,
      "times": [
        1.49899201164,
        1.46205061164,
        1.48604724364,
        1.49440722864,
        1.4750250896400001,
        1.5031336716400001,
        1.46751613964,
        1.4796805006400002,
        1.52906991864,
        1.5117835086400002
      ],
      "exit_codes": [
        0,
        0,
        0,
        0,
        0,
        0,
        0,
        0,
        0,
        0
      ]
    }
  ]
}
