{
  "results": [
    {
      "command": "./node_modules/.bin/tsc dist/partialState.ts",
      "mean": 1.9934965931000002,
      "stddev": 0.05729282749199863,
      "median": 1.9774255422999998,
      "user": 3.2669338199999998,
      "system": 0.12792747999999998,
      "min": 1.9449147698,
      "max": 2.1476030958,
      "times": [
        1.9752119858,
        1.9519822538,
        1.9691379018,
        1.9850404657999998,
        2.0022568308,
        2.0039675428000003,
        1.9754702998,
        1.9449147698,
        2.1476030958,
        1.9793807847999998
      ],
      "exit_codes": [
        0,
        0,
        0,
        0,
        0,
        0,
        0,
        0,
        0,
        0
      ]
    },
    {
      "command": "./node_modules/.bin/tsc dist/partialTypedState.ts",
      "mean": 1.9524948187,
      "stddev": 0.03512972502007838,
      "median": 1.9577227607999999,
      "user": 3.22128522,
      "system": 0.12345117999999997,
      "min": 1.8951710618,
      "max": 1.9971736248,
      "times": [
        1.9938395928,
        1.9108254708,
        1.9267082258,
        1.9971736248,
        1.9710669318,
        1.9521707298,
        1.8951710618,
        1.9328085047999999,
        1.9632747918,
        1.9819092528
      ],
      "exit_codes": [
        0,
        0,
        0,
        0,
        0,
        0,
        0,
        0,
        0,
        0
      ]
    },
    {
      "command": "./node_modules/.bin/tsc dist/pickInterfaceState.ts",
      "mean": 1.8418398158999998,
      "stddev": 0.03841344337128076,
      "median": 1.8293205938,
      "user": 3.0733884199999997,
      "system": 0.10659837999999999,
      "min": 1.8006379218,
      "max": 1.9240287238,
      "times": [
        1.8301117818,
        1.8236496238,
        1.8094322347999998,
        1.8540601987999998,
        1.8285294058,
        1.8091878238,
        1.9240287238,
        1.8552480867999999,
        1.8006379218,
        1.8835123578
      ],
      "exit_codes": [
        0,
        0,
        0,
        0,
        0,
        0,
        0,
        0,
        0,
        0
      ]
    },
    {
      "command": "./node_modules/.bin/tsc dist/seperateInterfaces.ts",
      "mean": 1.7672076846,
      "stddev": 0.021406335433463222,
      "median": 1.7683932578000001,
      "user": 2.9688578199999998,
      "system": 0.10665398,
      "min": 1.7381262547999998,
      "max": 1.7962202148,
      "times": [
        1.7808085208,
        1.7510831878,
        1.7962202148,
        1.7392844808,
        1.7381262547999998,
        1.7941901648,
        1.7621320598,
        1.7746544558,
        1.7819660408,
        1.7536114658
      ],
      "exit_codes": [
        0,
        0,
        0,
        0,
        0,
        0,
        0,
        0,
        0,
        0
      ]
    }
  ]
}
