{
  "results": [
    {
      "command": "./node_modules/.bin/tsc dist/partialState.ts",
      "mean": 1.83383337638,
      "stddev": 0.023594959114555114,
      "median": 1.83669575818,
      "user": 3.06166312,
      "system": 0.11579064000000001,
      "min": 1.7942723051800002,
      "max": 1.8747145231800002,
      "times": [
        1.8483019191800003,
        1.80570767218,
        1.8747145231800002,
        1.8420411941800001,
        1.8520945421800001,
        1.83195906618,
        1.84054643818,
        1.7942723051800002,
        1.8158510251800002,
        1.83284507818
      ],
      "exit_codes": [
        0,
        0,
        0,
        0,
        0,
        0,
        0,
        0,
        0,
        0
      ]
    },
    {
      "command": "./node_modules/.bin/tsc dist/partialTypedState.ts",
      "mean": 1.8463341832800002,
      "stddev": 0.045331651170942934,
      "median": 1.84046949268,
      "user": 3.07594382,
      "system": 0.11789454000000002,
      "min": 1.7991602151800001,
      "max": 1.9413113421800001,
      "times": [
        1.8242661121800001,
        1.9413113421800001,
        1.79978147418,
        1.8861194451800003,
        1.8483253141800002,
        1.7991602151800001,
        1.84676897318,
        1.87924846118,
        1.8341700121800002,
        1.8041904831800002
      ],
      "exit_codes": [
        0,
        0,
        0,
        0,
        0,
        0,
        0,
        0,
        0,
        0
      ]
    },
    {
      "command": "./node_modules/.bin/tsc dist/pickInterfaceState.ts",
      "mean": 1.7706523307800004,
      "stddev": 0.04638290259670425,
      "median": 1.74738695218,
      "user": 2.9611213199999997,
      "system": 0.10374893999999998,
      "min": 1.73021525018,
      "max": 1.8772465981800002,
      "times": [
        1.74689008118,
        1.7928005521800001,
        1.8772465981800002,
        1.7405510181800001,
        1.78929744718,
        1.8066686011800002,
        1.73021525018,
        1.74196968618,
        1.74788382318,
        1.7330002501800001
      ],
      "exit_codes": [
        0,
        0,
        0,
        0,
        0,
        0,
        0,
        0,
        0,
        0
      ]
    },
    {
      "command": "./node_modules/.bin/tsc dist/seperateInterfaces.ts",
      "mean": 1.71191249458,
      "stddev": 0.06515607911047891,
      "median": 1.6948573691800002,
      "user": 2.8296414199999997,
      "system": 0.10229013999999999,
      "min": 1.6588191381800002,
      "max": 1.8894197191800002,
      "times": [
        1.69458410418,
        1.8894197191800002,
        1.69513063418,
        1.6588191381800002,
        1.7228094361800002,
        1.6917181651800002,
        1.69549275518,
        1.6933190441800001,
        1.7123536601800002,
        1.6654782891800002
      ],
      "exit_codes": [
        0,
        0,
        0,
        0,
        0,
        0,
        0,
        0,
        0,
        0
      ]
    }
  ]
}
