{
  "results": [
    {
      "command": "./node_modules/.bin/tsc dist/partialState.ts",
      "mean": 1.80936817524,
      "stddev": 0.05797168347525046,
      "median": 1.8224358788400001,
      "user": 3.0402391799999995,
      "system": 0.11124322000000002,
      "min": 1.70103683334,
      "max": 1.8817910833400002,
      "times": [
        1.81504572534,
        1.8546930053400001,
        1.84509501734,
        1.81353707534,
        1.8298260323400002,
        1.8817910833400002,
        1.84017248134,
        1.70103683334,
        1.71833995034,
        1.79414454834
      ],
      "exit_codes": [
        0,
        0,
        0,
        0,
        0,
        0,
        0,
        0,
        0,
        0
      ]
    },
    {
      "command": "./node_modules/.bin/tsc dist/partialTypedState.ts",
      "mean": 1.9252463948399998,
      "stddev": 0.12969446325822345,
      "median": 1.9373676908400002,
      "user": 3.18711068,
      "system": 0.12472402,
      "min": 1.7303186113400002,
      "max": 2.0824315153399997,
      "times": [
        1.74411182534,
        1.84584500134,
        1.8437745933400003,
        1.9443646753400001,
        2.0442409323399997,
        2.0578064713399997,
        2.0824315153399997,
        2.0291996163399997,
        1.9303707063400002,
        1.7303186113400002
      ],
      "exit_codes": [
        0,
        0,
        0,
        0,
        0,
        0,
        0,
        0,
        0,
        0
      ]
    },
    {
      "command": "./node_modules/.bin/tsc dist/pickInterfaceState.ts",
      "mean": 1.8320088828399999,
      "stddev": 0.10415875765414916,
      "median": 1.7891146453400002,
      "user": 3.05630138,
      "system": 0.10814792,
      "min": 1.7623642563400002,
      "max": 2.08997385334,
      "times": [
        1.78160865434,
        1.9424980253400002,
        1.8056905983400002,
        1.77066988534,
        1.8093893883400003,
        2.08997385334,
        1.7816784153400003,
        1.7796648763400003,
        1.7623642563400002,
        1.7965508753400001
      ],
      "exit_codes": [
        0,
        0,
        0,
        0,
        0,
        0,
        0,
        0,
        0,
        0
      ]
    },
    {
      "command": "./node_modules/.bin/tsc dist/seperateInterfaces.ts",
      "mean": 1.7116803628400004,
      "stddev": 0.06447972178261017,
      "median": 1.6948379908400002,
      "user": 2.8563094799999993,
      "system": 0.10291842,
      "min": 1.6325186633400002,
      "max": 1.8144086633400003,
      "times": [
        1.78490362134,
        1.79419121634,
        1.7057938083400002,
        1.65949378634,
        1.6427003823400002,
        1.6325186633400002,
        1.8144086633400003,
        1.6931175053400003,
        1.6955820003400002,
        1.6940939813400002
      ],
      "exit_codes": [
        0,
        0,
        0,
        0,
        0,
        0,
        0,
        0,
        0,
        0
      ]
    }
  ]
}
