{
  "results": [
    {
      "command": "./node_modules/.bin/tsc dist/partialState.ts",
      "mean": 2.04833982044,
      "stddev": 0.025841779776043343,
      "median": 2.04417717244,
      "user": 3.38843972,
      "system": 0.13012842,
      "min": 2.01059105444,
      "max": 2.09362192544,
      "times": [
        2.02570481544,
        2.0254117484400003,
        2.04092282544,
        2.09362192544,
        2.07160976844,
        2.05066711044,
        2.01059105444,
        2.07713763944,
        2.04743151944,
        2.04029979744
      ],
      "exit_codes": [
        0,
        0,
        0,
        0,
        0,
        0,
        0,
        0,
        0,
        0
      ]
    },
    {
      "command": "./node_modules/.bin/tsc dist/partialTypedState.ts",
      "mean": 2.0667487732399996,
      "stddev": 0.045368079499825804,
      "median": 2.0667643504399997,
      "user": 3.4173239200000003,
      "system": 0.13041692,
      "min": 2.0093971124400003,
      "max": 2.1677224384400002,
      "times": [
        2.05059997444,
        2.06418206744,
        2.1677224384400002,
        2.08703886244,
        2.07415901844,
        2.01967345544,
        2.03067142544,
        2.09469674444,
        2.06934663344,
        2.0093971124400003
      ],
      "exit_codes": [
        0,
        0,
        0,
        0,
        0,
        0,
        0,
        0,
        0,
        0
      ]
    },
    {
      "command": "./node_modules/.bin/tsc dist/pickInterfaceState.ts",
      "mean": 1.8983785402400002,
      "stddev": 0.023818248395304945,
      "median": 1.8994549329400001,
      "user": 3.13939452,
      "system": 0.10299752,
      "min": 1.8494853344400002,
      "max": 1.93222876444,
      "times": [
        1.9032685364400002,
        1.93076873344,
        1.93222876444,
        1.8494853344400002,
        1.89328168544,
        1.89828281044,
        1.88490801344,
        1.9006270554400002,
        1.8839149344400001,
        1.9070195344400003
      ],
      "exit_codes": [
        0,
        0,
        0,
        0,
        0,
        0,
        0,
        0,
        0,
        0
      ]
    },
    {
      "command": "./node_modules/.bin/tsc dist/seperateInterfaces.ts",
      "mean": 1.7983295498400005,
      "stddev": 0.021103135050371466,
      "median": 1.7920865624400002,
      "user": 2.99234642,
      "system": 0.10131961999999999,
      "min": 1.7764758974400001,
      "max": 1.8386583594400001,
      "times": [
        1.7764758974400001,
        1.8386583594400001,
        1.8268156424400002,
        1.79723309344,
        1.7841639604400001,
        1.7920669234400002,
        1.81319442244,
        1.7836557324400002,
        1.7921062014400002,
        1.7789252654400003
      ],
      "exit_codes": [
        0,
        0,
        0,
        0,
        0,
        0,
        0,
        0,
        0,
        0
      ]
    }
  ]
}
