{
  "results": [
    {
      "command": "./node_modules/.bin/tsc dist/partialState.ts",
      "mean": 1.7721341716599999,
      "stddev": 0.04836914625000228,
      "median": 1.76288672236,
      "user": 2.96311372,
      "system": 0.11287632,
      "min": 1.7189499853599999,
      "max": 1.8915560333599999,
      "times": [
        1.79258934636,
        1.7189499853599999,
        1.77299805236,
        1.7324690733600001,
        1.79127568836,
        1.7484486693599999,
        1.75277539236,
        1.7739898943599999,
        1.74628958136,
        1.8915560333599999
      ],
      "exit_codes": [
        0,
        0,
        0,
        0,
        0,
        0,
        0,
        0,
        0,
        0
      ]
    },
    {
      "command": "./node_modules/.bin/tsc dist/partialTypedState.ts",
      "mean": 1.76673069376,
      "stddev": 0.027088723443348978,
      "median": 1.7659755068599998,
      "user": 2.95441692,
      "system": 0.11361172,
      "min": 1.7361856943599998,
      "max": 1.79751671736,
      "times": [
        1.7901872753599999,
        1.74305607136,
        1.79239493036,
        1.7924488773599998,
        1.7414205883599998,
        1.74214576936,
        1.79751671736,
        1.7361856943599998,
        1.74310110336,
        1.78884991036
      ],
      "exit_codes": [
        0,
        0,
        0,
        0,
        0,
        0,
        0,
        0,
        0,
        0
      ]
    },
    {
      "command": "./node_modules/.bin/tsc dist/pickInterfaceState.ts",
      "mean": 1.68301181576,
      "stddev": 0.0327390258183472,
      "median": 1.69109370936,
      "user": 2.8122620199999995,
      "system": 0.09788092,
      "min": 1.63749906336,
      "max": 1.74341761036,
      "times": [
        1.6938990003599999,
        1.69121381536,
        1.69964708236,
        1.68210475636,
        1.69097360336,
        1.70221824236,
        1.63749906336,
        1.63842736836,
        1.74341761036,
        1.6507176153599998
      ],
      "exit_codes": [
        0,
        0,
        0,
        0,
        0,
        0,
        0,
        0,
        0,
        0
      ]
    },
    {
      "command": "./node_modules/.bin/tsc dist/seperateInterfaces.ts",
      "mean": 1.67903647306,
      "stddev": 0.0737542266114386,
      "median": 1.6408937558599999,
      "user": 2.7886103199999996,
      "system": 0.09940281999999999,
      "min": 1.61454211336,
      "max": 1.82969339336,
      "times": [
        1.63062557936,
        1.69466471936,
        1.6415735193599998,
        1.6402139923599999,
        1.69785891936,
        1.61454211336,
        1.82969339336,
        1.78431140836,
        1.63316473636,
        1.62371634936
      ],
      "exit_codes": [
        0,
        0,
        0,
        0,
        0,
        0,
        0,
        0,
        0,
        0
      ]
    }
  ]
}
