{
  "results": [
    {
      "command": "./node_modules/.bin/tsc dist/partialState.ts",
      "mean": 2.06364763698,
      "stddev": 0.0889059021814368,
      "median": 2.0086270595799998,
      "user": 3.391479079999999,
      "system": 0.1288354,
      "min": 1.99621146258,
      "max": 2.23432828158,
      "times": [
        2.0020094515799998,
        2.1881488875799997,
        2.06159501858,
        2.00728068358,
        1.9980424585799998,
        2.0091899275799996,
        1.99621146258,
        2.00806419158,
        2.1316060065799998,
        2.23432828158
      ],
      "exit_codes": [
        0,
        0,
        0,
        0,
        0,
        0,
        0,
        0,
        0,
        0
      ]
    },
    {
      "command": "./node_modules/.bin/tsc dist/partialTypedState.ts",
      "mean": 1.97936581548,
      "stddev": 0.101892537117527,
      "median": 2.00036865008,
      "user": 3.27690288,
      "system": 0.12186519999999998,
      "min": 1.83211935658,
      "max": 2.1135522815799996,
      "times": [
        2.1135522815799996,
        2.1084189305799996,
        2.02238925558,
        2.01973283158,
        1.87881533758,
        2.04848156558,
        1.94118764258,
        1.9810044685800001,
        1.83211935658,
        1.84795648458
      ],
      "exit_codes": [
        0,
        0,
        0,
        0,
        0,
        0,
        0,
        0,
        0,
        0
      ]
    },
    {
      "command": "./node_modules/.bin/tsc dist/pickInterfaceState.ts",
      "mean": 1.9288152125800004,
      "stddev": 0.11507850710806744,
      "median": 1.9046725875800001,
      "user": 3.2009193799999998,
      "system": 0.1126099,
      "min": 1.7328598115800002,
      "max": 2.0694998115799996,
      "times": [
        1.7328598115800002,
        1.84217061058,
        2.06050185458,
        2.06042825058,
        2.0694998115799996,
        1.99992926858,
        1.9361915785800001,
        1.8731535965800001,
        1.8462756145800001,
        1.86714172858
      ],
      "exit_codes": [
        0,
        0,
        0,
        0,
        0,
        0,
        0,
        0,
        0,
        0
      ]
    },
    {
      "command": "./node_modules/.bin/tsc dist/seperateInterfaces.ts",
      "mean": 1.87785393938,
      "stddev": 0.12275659655191645,
      "median": 1.84570362258,
      "user": 3.1118297799999994,
      "system": 0.10978239999999999,
      "min": 1.75451316558,
      "max": 2.16921443758,
      "times": [
        1.80224019358,
        1.81836003158,
        1.83903236258,
        1.93129294258,
        2.16921443758,
        1.95370595858,
        1.7557460655800001,
        1.8523748825800002,
        1.9020593535800001,
        1.75451316558
      ],
      "exit_codes": [
        0,
        0,
        0,
        0,
        0,
        0,
        0,
        0,
        0,
        0
      ]
    }
  ]
}
