{
  "results": [
    {
      "command": "./node_modules/.bin/tsc dist/partialState.ts",
      "mean": 2.4176127841,
      "stddev": 0.08267923802528686,
      "median": 2.4154576689000002,
      "user": 3.95102438,
      "system": 0.15164959999999997,
      "min": 2.2800072559,
      "max": 2.5475965659,
      "times": [
        2.4938426869,
        2.2800072559,
        2.4190393489,
        2.4118759889,
        2.3987965049,
        2.4860113379,
        2.3620771299000003,
        2.5475965659,
        2.4592466979000003,
        2.3176343239
      ],
      "exit_codes": [
        0,
        0,
        0,
        0,
        0,
        0,
        0,
        0,
        0,
        0
      ]
    },
    {
      "command": "./node_modules/.bin/tsc dist/partialTypedState.ts",
      "mean": 2.4453908033,
      "stddev": 0.15412693457649115,
      "median": 2.4411414669,
      "user": 3.9979949800000005,
      "system": 0.15586009999999997,
      "min": 2.2296162089,
      "max": 2.6877316489,
      "times": [
        2.4385115399,
        2.5105063119,
        2.6559847789,
        2.6877316489,
        2.5265663089,
        2.3709888289,
        2.3310181639,
        2.4437713939,
        2.2592128489,
        2.2296162089
      ],
      "exit_codes": [
        0,
        0,
        0,
        0,
        0,
        0,
        0,
        0,
        0,
        0
      ]
    },
    {
      "command": "./node_modules/.bin/tsc dist/pickInterfaceState.ts",
      "mean": 2.0546315652000002,
      "stddev": 0.09444301629911889,
      "median": 2.0431511199,
      "user": 3.40413828,
      "system": 0.1118096,
      "min": 1.9352276349,
      "max": 2.2105859389,
      "times": [
        2.1837893789000002,
        2.2105859389,
        2.0932814669,
        2.0121611929,
        2.1048549979,
        2.0361666039,
        2.0501356359,
        1.9352276349,
        1.9383249529,
        1.9817878489
      ],
      "exit_codes": [
        0,
        0,
        0,
        0,
        0,
        0,
        0,
        0,
        0,
        0
      ]
    },
    {
      "command": "./node_modules/.bin/tsc dist/seperateInterfaces.ts",
      "mean": 1.8976737309,
      "stddev": 0.03615982455044917,
      "median": 1.8926061529,
      "user": 3.1519983799999998,
      "system": 0.1052241,
      "min": 1.8520576839,
      "max": 1.9402827329,
      "times": [
        1.8593556569,
        1.8807178489,
        1.9387899289000001,
        1.8556828579000002,
        1.8852203439,
        1.9394192449,
        1.9402827329,
        1.8999919619,
        1.8520576839,
        1.9252190489
      ],
      "exit_codes": [
        0,
        0,
        0,
        0,
        0,
        0,
        0,
        0,
        0,
        0
      ]
    }
  ]
}
