{
  "results": [
    {
      "command": "./node_modules/.bin/tsc dist/partialState.ts",
      "mean": 1.9447098149400006,
      "stddev": 0.06783608675174312,
      "median": 1.9130469635400003,
      "user": 3.2348208400000003,
      "system": 0.11853440000000001,
      "min": 1.8904508655400003,
      "max": 2.07694393454,
      "times": [
        2.07694393454,
        1.9587577335400002,
        1.9193161545400002,
        1.89145386954,
        2.0467738075399997,
        1.8966603835400002,
        1.8904508655400003,
        1.8931792055400003,
        1.9067777725400001,
        1.9667844225400002
      ],
      "exit_codes": [
        0,
        0,
        0,
        0,
        0,
        0,
        0,
        0,
        0,
        0
      ]
    },
    {
      "command": "./node_modules/.bin/tsc dist/partialTypedState.ts",
      "mean": 1.9371667005400002,
      "stddev": 0.07487395245942743,
      "median": 1.9055482135400001,
      "user": 3.23978964,
      "system": 0.12150049999999998,
      "min": 1.8549348625400002,
      "max": 2.08635940254,
      "times": [
        1.8759440225400001,
        1.90603302054,
        1.9050634065400003,
        1.87942839154,
        1.8549348625400002,
        2.01102385454,
        1.9973350795400002,
        2.08635940254,
        1.9671486775400002,
        1.8883962875400002
      ],
      "exit_codes": [
        0,
        0,
        0,
        0,
        0,
        0,
        0,
        0,
        0,
        0
      ]
    },
    {
      "command": "./node_modules/.bin/tsc dist/pickInterfaceState.ts",
      "mean": 1.8821948461399998,
      "stddev": 0.06812147434441121,
      "median": 1.8598661950400002,
      "user": 3.13176164,
      "system": 0.10852659999999999,
      "min": 1.8131461915400002,
      "max": 2.00531269754,
      "times": [
        1.8131461915400002,
        1.8615441625400002,
        1.8581882275400001,
        1.8190218665400002,
        1.8299927125400002,
        1.8852776895400003,
        1.9835208915400002,
        1.9268055565400002,
        2.00531269754,
        1.8391384655400003
      ],
      "exit_codes": [
        0,
        0,
        0,
        0,
        0,
        0,
        0,
        0,
        0,
        0
      ]
    },
    {
      "command": "./node_modules/.bin/tsc dist/seperateInterfaces.ts",
      "mean": 1.7671225237400001,
      "stddev": 0.08000564196786557,
      "median": 1.78387690704,
      "user": 2.94889764,
      "system": 0.1043261,
      "min": 1.6643204555400002,
      "max": 1.8819763955400002,
      "times": [
        1.7973040925400001,
        1.68684622554,
        1.6643204555400002,
        1.67035839554,
        1.78713309554,
        1.8573895655400001,
        1.8819763955400002,
        1.78062071854,
        1.7080690645400003,
        1.8372072285400003
      ],
      "exit_codes": [
        0,
        0,
        0,
        0,
        0,
        0,
        0,
        0,
        0,
        0
      ]
    }
  ]
}
