{
  "results": [
    {
      "command": "./node_modules/.bin/tsc dist/partialState.ts",
      "mean": 2.58045591836,
      "stddev": 0.08324356175872256,
      "median": 2.5454361530600003,
      "user": 4.2530878,
      "system": 0.17011523999999997,
      "min": 2.5132993655600004,
      "max": 2.78315967256,
      "times": [
        2.59091039256,
        2.63093118056,
        2.51642124556,
        2.51928703556,
        2.5364634025600004,
        2.5132993655600004,
        2.62321458256,
        2.54038302456,
        2.5504892815600004,
        2.78315967256
      ],
      "exit_codes": [
        0,
        0,
        0,
        0,
        0,
        0,
        0,
        0,
        0,
        0
      ]
    },
    {
      "command": "./node_modules/.bin/tsc dist/partialTypedState.ts",
      "mean": 2.8624421944600007,
      "stddev": 0.09353412818122492,
      "median": 2.8509258280600003,
      "user": 4.7032617,
      "system": 0.17919123999999997,
      "min": 2.7683778685600005,
      "max": 3.05610066356,
      "times": [
        3.05610066356,
        2.78826926656,
        2.8450823795600004,
        2.8789861295600003,
        2.8989206925600004,
        2.85676927656,
        2.9699896255600002,
        2.7881144475600004,
        2.7683778685600005,
        2.77381159456
      ],
      "exit_codes": [
        0,
        0,
        0,
        0,
        0,
        0,
        0,
        0,
        0,
        0
      ]
    },
    {
      "command": "./node_modules/.bin/tsc dist/pickInterfaceState.ts",
      "mean": 2.34615529586,
      "stddev": 0.08212955893398102,
      "median": 2.32082383906,
      "user": 3.7864496999999995,
      "system": 0.12147833999999999,
      "min": 2.2416376445600004,
      "max": 2.4964253275600004,
      "times": [
        2.4964253275600004,
        2.40812562356,
        2.2416376445600004,
        2.3048374265600002,
        2.36930898056,
        2.4458814545600003,
        2.33681025156,
        2.27248381756,
        2.29055209956,
        2.29549033256
      ],
      "exit_codes": [
        0,
        0,
        0,
        0,
        0,
        0,
        0,
        0,
        0,
        0
      ]
    },
    {
      "command": "./node_modules/.bin/tsc dist/seperateInterfaces.ts",
      "mean": 2.24757776716,
      "stddev": 0.10749507856881081,
      "median": 2.24848451956,
      "user": 3.6432677,
      "system": 0.12713463999999997,
      "min": 2.0885249255600002,
      "max": 2.41565772056,
      "times": [
        2.1030462355600004,
        2.17259305456,
        2.0885249255600002,
        2.3432165145600004,
        2.29232640056,
        2.24218875256,
        2.3537434465600002,
        2.25478028656,
        2.41565772056,
        2.2097003345600004
      ],
      "exit_codes": [
        0,
        0,
        0,
        0,
        0,
        0,
        0,
        0,
        0,
        0
      ]
    }
  ]
}
