{
  "results": [
    {
      "command": "./node_modules/.bin/tsc dist/partialState.ts",
      "mean": 2.93327656974,
      "stddev": 0.054254645785848626,
      "median": 2.9205310128399997,
      "user": 4.6473514,
      "system": 0.1890581,
      "min": 2.88665364884,
      "max": 3.07163055984,
      "times": [
        2.89690312684,
        2.88665364884,
        2.90969435384,
        2.93136767184,
        3.07163055984,
        2.95117995084,
        2.94485861084,
        2.89748477884,
        2.9467998238399997,
        2.89619317184
      ],
      "exit_codes": [
        0,
        0,
        0,
        0,
        0,
        0,
        0,
        0,
        0,
        0
      ]
    },
    {
      "command": "./node_modules/.bin/tsc dist/partialTypedState.ts",
      "mean": 2.9741870912399997,
      "stddev": 0.19003515286583672,
      "median": 2.93563096284,
      "user": 4.726011,
      "system": 0.19283440000000002,
      "min": 2.73874984884,
      "max": 3.46862345084,
      "times": [
        2.95017496284,
        2.99733305584,
        2.92108696284,
        2.88910166084,
        2.89121067184,
        2.9880419038399997,
        3.00160449484,
        3.46862345084,
        2.89594389984,
        2.73874984884
      ],
      "exit_codes": [
        0,
        0,
        0,
        0,
        0,
        0,
        0,
        0,
        0,
        0
      ]
    },
    {
      "command": "./node_modules/.bin/tsc dist/pickInterfaceState.ts",
      "mean": 2.48952153514,
      "stddev": 0.09055721411735962,
      "median": 2.47297748034,
      "user": 4.0135221,
      "system": 0.1427368,
      "min": 2.36283624684,
      "max": 2.64378807484,
      "times": [
        2.64378807484,
        2.4859239728399998,
        2.55226244284,
        2.39328405384,
        2.36283624684,
        2.52190865284,
        2.45146205484,
        2.60236366384,
        2.4600309878399997,
        2.42135520084
      ],
      "exit_codes": [
        0,
        0,
        0,
        0,
        0,
        0,
        0,
        0,
        0,
        0
      ]
    },
    {
      "command": "./node_modules/.bin/tsc dist/seperateInterfaces.ts",
      "mean": 2.2348321741399997,
      "stddev": 0.08290551467534334,
      "median": 2.23727231284,
      "user": 3.6657168999999996,
      "system": 0.1295974,
      "min": 2.09764387784,
      "max": 2.33255731984,
      "times": [
        2.33255731984,
        2.32272310184,
        2.26499122984,
        2.2732671078399997,
        2.20955339584,
        2.33249394284,
        2.16977132684,
        2.09764387784,
        2.14779052784,
        2.1975299108399997
      ],
      "exit_codes": [
        0,
        0,
        0,
        0,
        0,
        0,
        0,
        0,
        0,
        0
      ]
    }
  ]
}
