{
  "results": [
    {
      "command": "./node_modules/.bin/tsc dist/partialState.ts",
      "mean": 1.60227923926,
      "stddev": 0.04802186719337556,
      "median": 1.58286714306,
      "user": 2.7398886599999996,
      "system": 0.10673672000000001,
      "min": 1.5694651720600001,
      "max": 1.73241405806,
      "times": [
        1.58582082106,
        1.57729204906,
        1.5694651720600001,
        1.61260898706,
        1.57860769306,
        1.73241405806,
        1.61176713906,
        1.5961350210599998,
        1.57876798706,
        1.57991346506
      ],
      "exit_codes": [
        0,
        0,
        0,
        0,
        0,
        0,
        0,
        0,
        0,
        0
      ]
    },
    {
      "command": "./node_modules/.bin/tsc dist/partialTypedState.ts",
      "mean": 1.5903369715599998,
      "stddev": 0.0167165943814106,
      "median": 1.58735655556,
      "user": 2.73243286,
      "system": 0.10491131999999999,
      "min": 1.57121644606,
      "max": 1.62588754706,
      "times": [
        1.59097504806,
        1.62588754706,
        1.59927171806,
        1.58816958606,
        1.57688335806,
        1.57121644606,
        1.58654352506,
        1.60796494006,
        1.5774299320599998,
        1.57902761506
      ],
      "exit_codes": [
        0,
        0,
        0,
        0,
        0,
        0,
        0,
        0,
        0,
        0
      ]
    },
    {
      "command": "./node_modules/.bin/tsc dist/pickInterfaceState.ts",
      "mean": 1.57269045326,
      "stddev": 0.015664993495995504,
      "median": 1.57142832756,
      "user": 2.65874686,
      "system": 0.10072002,
      "min": 1.55323942806,
      "max": 1.6067645390599998,
      "times": [
        1.6067645390599998,
        1.56067383806,
        1.56010496706,
        1.56762724806,
        1.55323942806,
        1.5775180630599999,
        1.5614496140599998,
        1.5752294070600001,
        1.58046245006,
        1.58383497806
      ],
      "exit_codes": [
        0,
        0,
        0,
        0,
        0,
        0,
        0,
        0,
        0,
        0
      ]
    },
    {
      "command": "./node_modules/.bin/tsc dist/seperateInterfaces.ts",
      "mean": 1.6260808576600003,
      "stddev": 0.08021659620380896,
      "median": 1.63612789956,
      "user": 2.71727346,
      "system": 0.10901611999999998,
      "min": 1.5108376940600001,
      "max": 1.76122534406,
      "times": [
        1.60498145106,
        1.5322789770599998,
        1.5108376940600001,
        1.54250908206,
        1.64843648506,
        1.76122534406,
        1.68799171506,
        1.7002920290599999,
        1.64309819206,
        1.62915760706
      ],
      "exit_codes": [
        0,
        0,
        0,
        0,
        0,
        0,
        0,
        0,
        0,
        0
      ]
    }
  ]
}
