{
  "results": [
    {
      "command": "./node_modules/.bin/tsc dist/partialState.ts",
      "mean": 1.98288087612,
      "stddev": 0.042043112747348586,
      "median": 1.9803712359199999,
      "user": 3.2937102399999993,
      "system": 0.12155503999999998,
      "min": 1.94260958042,
      "max": 2.08640048642,
      "times": [
        1.94260958042,
        1.98397970342,
        1.99561698642,
        2.08640048642,
        1.95115367542,
        1.94471685642,
        1.97676276842,
        1.95888604442,
        2.00017794742,
        1.98850471242
      ],
      "exit_codes": [
        0,
        0,
        0,
        0,
        0,
        0,
        0,
        0,
        0,
        0
      ]
    },
    {
      "command": "./node_modules/.bin/tsc dist/partialTypedState.ts",
      "mean": 2.00534614532,
      "stddev": 0.09807494377794901,
      "median": 1.97804419892,
      "user": 3.3157540400000003,
      "system": 0.12385633999999998,
      "min": 1.93342780442,
      "max": 2.26271426242,
      "times": [
        1.9809176334199998,
        1.97517076442,
        1.98632085442,
        1.94859560642,
        1.94562481042,
        1.98975782542,
        1.93342780442,
        1.96045090042,
        2.0704809914199998,
        2.26271426242
      ],
      "exit_codes": [
        0,
        0,
        0,
        0,
        0,
        0,
        0,
        0,
        0,
        0
      ]
    },
    {
      "command": "./node_modules/.bin/tsc dist/pickInterfaceState.ts",
      "mean": 1.8649930302200002,
      "stddev": 0.05430639747184862,
      "median": 1.85552637392,
      "user": 3.08267764,
      "system": 0.10024473999999998,
      "min": 1.7986144044199999,
      "max": 1.98342769542,
      "times": [
        1.87421424642,
        1.98342769542,
        1.83250653042,
        1.84655497342,
        1.84383855042,
        1.7986144044199999,
        1.88851200442,
        1.9115784494199999,
        1.86449777442,
        1.80618567342
      ],
      "exit_codes": [
        0,
        0,
        0,
        0,
        0,
        0,
        0,
        0,
        0,
        0
      ]
    },
    {
      "command": "./node_modules/.bin/tsc dist/seperateInterfaces.ts",
      "mean": 1.77470322012,
      "stddev": 0.017483838665922815,
      "median": 1.77736648792,
      "user": 2.9663594399999997,
      "system": 0.09911593999999999,
      "min": 1.74591220642,
      "max": 1.80371690642,
      "times": [
        1.78690303242,
        1.77467522242,
        1.76206479442,
        1.78005775342,
        1.78858398442,
        1.75211297342,
        1.80371690642,
        1.77239552542,
        1.74591220642,
        1.7806098024199999
      ],
      "exit_codes": [
        0,
        0,
        0,
        0,
        0,
        0,
        0,
        0,
        0,
        0
      ]
    }
  ]
}
