{
  "results": [
    {
      "command": "./node_modules/.bin/tsc dist/partialState.ts",
      "mean": 1.72456481974,
      "stddev": 0.058361720456659744,
      "median": 1.70124998894,
      "user": 2.8788226999999997,
      "system": 0.10680561999999998,
      "min": 1.65984887644,
      "max": 1.8609501964400001,
      "times": [
        1.8609501964400001,
        1.71151880444,
        1.73599479644,
        1.6905524704400001,
        1.74538092844,
        1.6905009074400001,
        1.7725526764400001,
        1.68736736744,
        1.69098117344,
        1.65984887644
      ],
      "exit_codes": [
        0,
        0,
        0,
        0,
        0,
        0,
        0,
        0,
        0,
        0
      ]
    },
    {
      "command": "./node_modules/.bin/tsc dist/partialTypedState.ts",
      "mean": 1.7600848203400001,
      "stddev": 0.08670329388236551,
      "median": 1.7351236559399998,
      "user": 2.9407758,
      "system": 0.10924322,
      "min": 1.66932784744,
      "max": 1.93085609344,
      "times": [
        1.66932784744,
        1.69108881444,
        1.76134813844,
        1.77249833244,
        1.7358515694399999,
        1.72514156144,
        1.68754719444,
        1.73439574244,
        1.93085609344,
        1.89279290944
      ],
      "exit_codes": [
        0,
        0,
        0,
        0,
        0,
        0,
        0,
        0,
        0,
        0
      ]
    },
    {
      "command": "./node_modules/.bin/tsc dist/pickInterfaceState.ts",
      "mean": 1.7269558287400002,
      "stddev": 0.11963213335387414,
      "median": 1.66606294844,
      "user": 2.8581864999999995,
      "system": 0.10138841999999999,
      "min": 1.6062806254400002,
      "max": 1.88160416344,
      "times": [
        1.83843897744,
        1.85658637744,
        1.87559413544,
        1.88160416344,
        1.68808675244,
        1.64403914444,
        1.6368394344400001,
        1.62655171244,
        1.61553696444,
        1.6062806254400002
      ],
      "exit_codes": [
        0,
        0,
        0,
        0,
        0,
        0,
        0,
        0,
        0,
        0
      ]
    },
    {
      "command": "./node_modules/.bin/tsc dist/seperateInterfaces.ts",
      "mean": 1.7312082133399997,
      "stddev": 0.1111525823103515,
      "median": 1.69902126194,
      "user": 2.8644150999999995,
      "system": 0.10415391999999998,
      "min": 1.5899175084400001,
      "max": 1.98923055644,
      "times": [
        1.5899175084400001,
        1.74309104744,
        1.98923055644,
        1.83982143844,
        1.68742816244,
        1.6733859414399999,
        1.73294146344,
        1.69375057444,
        1.70429194944,
        1.65822349144
      ],
      "exit_codes": [
        0,
        0,
        0,
        0,
        0,
        0,
        0,
        0,
        0,
        0
      ]
    }
  ]
}
