{
  "results": [
    {
      "command": "./node_modules/.bin/tsc dist/partialState.ts",
      "mean": 1.5964458868000002,
      "stddev": 0.05038031627730226,
      "median": 1.5970508140000002,
      "user": 2.73983096,
      "system": 0.10371506,
      "min": 1.490417456,
      "max": 1.6750214250000002,
      "times": [
        1.6103503300000002,
        1.490417456,
        1.588680233,
        1.578622615,
        1.636708666,
        1.6750214250000002,
        1.638317991,
        1.575489968,
        1.565428789,
        1.605421395
      ],
      "exit_codes": [
        0,
        0,
        0,
        0,
        0,
        0,
        0,
        0,
        0,
        0
      ]
    },
    {
      "command": "./node_modules/.bin/tsc dist/partialTypedState.ts",
      "mean": 1.598515161,
      "stddev": 0.049111312880765756,
      "median": 1.585872673,
      "user": 2.74170486,
      "system": 0.10267405999999998,
      "min": 1.534850445,
      "max": 1.687850123,
      "times": [
        1.6312742510000002,
        1.687850123,
        1.548983883,
        1.5505185190000002,
        1.586395481,
        1.6452982250000001,
        1.631599348,
        1.585349865,
        1.58303147,
        1.534850445
      ],
      "exit_codes": [
        0,
        0,
        0,
        0,
        0,
        0,
        0,
        0,
        0,
        0
      ]
    },
    {
      "command": "./node_modules/.bin/tsc dist/pickInterfaceState.ts",
      "mean": 1.5379838334999998,
      "stddev": 0.055755800218906505,
      "median": 1.5517511845,
      "user": 2.60385996,
      "system": 0.09701945999999999,
      "min": 1.458073141,
      "max": 1.6099939060000001,
      "times": [
        1.5899497880000002,
        1.6099939060000001,
        1.579251831,
        1.544172263,
        1.5679353210000002,
        1.559330106,
        1.465062625,
        1.458073141,
        1.46527051,
        1.5407988440000002
      ],
      "exit_codes": [
        0,
        0,
        0,
        0,
        0,
        0,
        0,
        0,
        0,
        0
      ]
    },
    {
      "command": "./node_modules/.bin/tsc dist/seperateInterfaces.ts",
      "mean": 1.5880791721,
      "stddev": 0.06279740953832301,
      "median": 1.5737350935,
      "user": 2.670723759999999,
      "system": 0.10355425999999998,
      "min": 1.494195961,
      "max": 1.722024935,
      "times": [
        1.494195961,
        1.590579333,
        1.722024935,
        1.5666531790000002,
        1.662277355,
        1.58891736,
        1.580817008,
        1.5513226100000002,
        1.562668117,
        1.561335863
      ],
      "exit_codes": [
        0,
        0,
        0,
        0,
        0,
        0,
        0,
        0,
        0,
        0
      ]
    }
  ]
}
