{
  "results": [
    {
      "command": "./node_modules/.bin/tsc dist/partialState.ts",
      "mean": 1.93928547844,
      "stddev": 0.04567216940395212,
      "median": 1.9320795085400002,
      "user": 3.1922825999999995,
      "system": 0.12155145999999999,
      "min": 1.8953144645400002,
      "max": 2.04878586754,
      "times": [
        1.8953144645400002,
        1.95332081154,
        1.89731789754,
        1.9234458045400002,
        1.9407132125400002,
        1.9021997725400002,
        1.9157415785400003,
        1.95998620954,
        1.9560291655400002,
        2.04878586754
      ],
      "exit_codes": [
        0,
        0,
        0,
        0,
        0,
        0,
        0,
        0,
        0,
        0
      ]
    },
    {
      "command": "./node_modules/.bin/tsc dist/partialTypedState.ts",
      "mean": 1.9300247384400002,
      "stddev": 0.05657880182910469,
      "median": 1.9067439910400001,
      "user": 3.1516066,
      "system": 0.12292646,
      "min": 1.8866369065400002,
      "max": 2.06546234154,
      "times": [
        1.9372011675400003,
        1.92673095754,
        1.98807946554,
        1.8927736015400003,
        1.89450089654,
        1.91717594954,
        2.06546234154,
        1.8963120325400002,
        1.8866369065400002,
        1.8953740655400002
      ],
      "exit_codes": [
        0,
        0,
        0,
        0,
        0,
        0,
        0,
        0,
        0,
        0
      ]
    },
    {
      "command": "./node_modules/.bin/tsc dist/pickInterfaceState.ts",
      "mean": 1.7968464986399997,
      "stddev": 0.02420349508208282,
      "median": 1.79773245754,
      "user": 3.0002711,
      "system": 0.10308146,
      "min": 1.7458509785400003,
      "max": 1.8265179025400002,
      "times": [
        1.8118309085400002,
        1.8265179025400002,
        1.7876851065400001,
        1.80439311454,
        1.78621923854,
        1.7801198635400002,
        1.8085575055400003,
        1.7458509785400003,
        1.82621856754,
        1.7910718005400001
      ],
      "exit_codes": [
        0,
        0,
        0,
        0,
        0,
        0,
        0,
        0,
        0,
        0
      ]
    },
    {
      "command": "./node_modules/.bin/tsc dist/seperateInterfaces.ts",
      "mean": 1.7552862404400003,
      "stddev": 0.028732597989444338,
      "median": 1.75693430904,
      "user": 2.9465656,
      "system": 0.10170396,
      "min": 1.7107686135400002,
      "max": 1.81081322854,
      "times": [
        1.7550834995400002,
        1.81081322854,
        1.7442049665400001,
        1.71681531454,
        1.7696842445400003,
        1.75878511854,
        1.7107686135400002,
        1.7750727075400001,
        1.7644929875400002,
        1.7471417235400002
      ],
      "exit_codes": [
        0,
        0,
        0,
        0,
        0,
        0,
        0,
        0,
        0,
        0
      ]
    }
  ]
}
