{
  "results": [
    {
      "command": "./node_modules/.bin/tsc dist/partialState.ts",
      "mean": 2.77699530622,
      "stddev": 0.04293580768565816,
      "median": 2.7663202668199998,
      "user": 4.404864719999999,
      "system": 0.17847353999999999,
      "min": 2.7414582718199996,
      "max": 2.88822081882,
      "times": [
        2.79267215882,
        2.88822081882,
        2.74905391082,
        2.74939997582,
        2.7760089348199997,
        2.79031513682,
        2.7616201118199997,
        2.77102042182,
        2.7501833208199997,
        2.7414582718199996
      ],
      "exit_codes": [
        0,
        0,
        0,
        0,
        0,
        0,
        0,
        0,
        0,
        0
      ]
    },
    {
      "command": "./node_modules/.bin/tsc dist/partialTypedState.ts",
      "mean": 2.7757638828199998,
      "stddev": 0.034064045979007807,
      "median": 2.77579321382,
      "user": 4.412583719999999,
      "system": 0.17965604,
      "min": 2.7258963608199998,
      "max": 2.8356230018199997,
      "times": [
        2.78359193882,
        2.8064605448199997,
        2.7524585278199996,
        2.7258963608199998,
        2.77845583482,
        2.80895276182,
        2.77313059282,
        2.74759891782,
        2.74547034682,
        2.8356230018199997
      ],
      "exit_codes": [
        0,
        0,
        0,
        0,
        0,
        0,
        0,
        0,
        0,
        0
      ]
    },
    {
      "command": "./node_modules/.bin/tsc dist/pickInterfaceState.ts",
      "mean": 2.5603569512199997,
      "stddev": 0.09189590815810987,
      "median": 2.54153914632,
      "user": 4.071588919999999,
      "system": 0.15756024,
      "min": 2.4419806348199997,
      "max": 2.7698609508199996,
      "times": [
        2.54575882282,
        2.7698609508199996,
        2.5927420998199997,
        2.4419806348199997,
        2.5383421668199997,
        2.64324831182,
        2.5405892358199997,
        2.5424890568199996,
        2.48987872182,
        2.4986795108199997
      ],
      "exit_codes": [
        0,
        0,
        0,
        0,
        0,
        0,
        0,
        0,
        0,
        0
      ]
    },
    {
      "command": "./node_modules/.bin/tsc dist/seperateInterfaces.ts",
      "mean": 2.3516145137200004,
      "stddev": 0.020026440945898408,
      "median": 2.34262247782,
      "user": 3.8175364200000006,
      "system": 0.14429224,
      "min": 2.33461092582,
      "max": 2.40128540682,
      "times": [
        2.33461092582,
        2.34162081582,
        2.3389208988199996,
        2.3474399708199996,
        2.36582582082,
        2.3607893168199996,
        2.34040702582,
        2.3418109118199997,
        2.40128540682,
        2.34343404382
      ],
      "exit_codes": [
        0,
        0,
        0,
        0,
        0,
        0,
        0,
        0,
        0,
        0
      ]
    }
  ]
}
