{
  "results": [
    {
      "command": "./node_modules/.bin/tsc dist/partialState.ts",
      "mean": 2.42740672744,
      "stddev": 0.0324793967555445,
      "median": 2.42072956844,
      "user": 3.9397000999999996,
      "system": 0.15567897999999997,
      "min": 2.38747129244,
      "max": 2.49129398744,
      "times": [
        2.49129398744,
        2.39508851444,
        2.42168074344,
        2.46123937644,
        2.43933184744,
        2.44573699044,
        2.41977839344,
        2.41522263044,
        2.38747129244,
        2.39722349844
      ],
      "exit_codes": [
        0,
        0,
        0,
        0,
        0,
        0,
        0,
        0,
        0,
        0
      ]
    },
    {
      "command": "./node_modules/.bin/tsc dist/partialTypedState.ts",
      "mean": 2.44960277744,
      "stddev": 0.033464267206061514,
      "median": 2.44046559794,
      "user": 3.9791804999999996,
      "system": 0.15424078,
      "min": 2.41121417944,
      "max": 2.5203935354399998,
      "times": [
        2.4772283214399997,
        2.47589628144,
        2.5203935354399998,
        2.44706236444,
        2.41832171744,
        2.41121417944,
        2.45454756644,
        2.42626483444,
        2.43123014244,
        2.43386883144
      ],
      "exit_codes": [
        0,
        0,
        0,
        0,
        0,
        0,
        0,
        0,
        0,
        0
      ]
    },
    {
      "command": "./node_modules/.bin/tsc dist/pickInterfaceState.ts",
      "mean": 2.14871991254,
      "stddev": 0.0637648188533916,
      "median": 2.1308076949399997,
      "user": 3.4786356999999994,
      "system": 0.11771517999999999,
      "min": 2.0857175414399998,
      "max": 2.30823688044,
      "times": [
        2.17266981144,
        2.30823688044,
        2.14092382144,
        2.09033884244,
        2.12342399544,
        2.18237454244,
        2.12189830044,
        2.0857175414399998,
        2.13187300444,
        2.1297423854399997
      ],
      "exit_codes": [
        0,
        0,
        0,
        0,
        0,
        0,
        0,
        0,
        0,
        0
      ]
    },
    {
      "command": "./node_modules/.bin/tsc dist/seperateInterfaces.ts",
      "mean": 2.0072117337399997,
      "stddev": 0.020349663917669656,
      "median": 2.0022286449399997,
      "user": 3.3039576999999993,
      "system": 0.11051498,
      "min": 1.97835471344,
      "max": 2.04437418244,
      "times": [
        1.9929861344399997,
        1.99830632944,
        1.97835471344,
        1.9968603594399998,
        2.00615096044,
        2.02333935844,
        2.04437418244,
        1.98972650844,
        2.01161073144,
        2.03040805944
      ],
      "exit_codes": [
        0,
        0,
        0,
        0,
        0,
        0,
        0,
        0,
        0,
        0
      ]
    }
  ]
}
