{
  "results": [
    {
      "command": "./node_modules/.bin/tsc dist/partialState.ts",
      "mean": 2.21695554222,
      "stddev": 0.052229569808516244,
      "median": 2.19369168242,
      "user": 3.6350710400000006,
      "system": 0.13849846000000002,
      "min": 2.1845719479200003,
      "max": 2.3487648989200003,
      "times": [
        2.26597071692,
        2.1912289509200003,
        2.19367396892,
        2.1845719479200003,
        2.19482859492,
        2.19370939592,
        2.1915959709200004,
        2.21739789192,
        2.18781308492,
        2.3487648989200003
      ],
      "exit_codes": [
        0,
        0,
        0,
        0,
        0,
        0,
        0,
        0,
        0,
        0
      ]
    },
    {
      "command": "./node_modules/.bin/tsc dist/partialTypedState.ts",
      "mean": 2.2366459691200005,
      "stddev": 0.05556452114413442,
      "median": 2.21756167992,
      "user": 3.66504654,
      "system": 0.13949546,
      "min": 2.1758414849200003,
      "max": 2.3696389619200002,
      "times": [
        2.24620502092,
        2.20887063292,
        2.2375077879200003,
        2.28602712692,
        2.21278590592,
        2.1758414849200003,
        2.22094604292,
        2.3696389619200002,
        2.2141773169200003,
        2.1944594099200003
      ],
      "exit_codes": [
        0,
        0,
        0,
        0,
        0,
        0,
        0,
        0,
        0,
        0
      ]
    },
    {
      "command": "./node_modules/.bin/tsc dist/pickInterfaceState.ts",
      "mean": 1.99958951782,
      "stddev": 0.050080182217415246,
      "median": 1.99226472442,
      "user": 3.3085998400000003,
      "system": 0.10639565999999998,
      "min": 1.9530995419200001,
      "max": 2.1315254119200002,
      "times": [
        1.9530995419200001,
        1.97647955792,
        1.9923065929200001,
        2.1315254119200002,
        1.96893138392,
        1.99421604892,
        1.9959508529199999,
        2.0215456789200004,
        1.99222285592,
        1.96961725292
      ],
      "exit_codes": [
        0,
        0,
        0,
        0,
        0,
        0,
        0,
        0,
        0,
        0
      ]
    },
    {
      "command": "./node_modules/.bin/tsc dist/seperateInterfaces.ts",
      "mean": 1.9062808485199998,
      "stddev": 0.03864067239562161,
      "median": 1.9000284674199999,
      "user": 3.1857865399999996,
      "system": 0.10199276000000002,
      "min": 1.87241631492,
      "max": 2.00697373692,
      "times": [
        1.88103468192,
        1.89506263292,
        1.88779455592,
        1.9178011529199999,
        1.87241631492,
        1.87659219992,
        1.91120827392,
        1.90499430192,
        1.90893063392,
        2.00697373692
      ],
      "exit_codes": [
        0,
        0,
        0,
        0,
        0,
        0,
        0,
        0,
        0,
        0
      ]
    }
  ]
}
