{
  "results": [
    {
      "command": "./node_modules/.bin/tsc dist/partialState.ts",
      "mean": 1.9362737558599998,
      "stddev": 0.11215561149630178,
      "median": 1.95175270316,
      "user": 3.2051015199999995,
      "system": 0.12888131999999997,
      "min": 1.78704901666,
      "max": 2.1532125676600002,
      "times": [
        2.1532125676600002,
        1.87984584966,
        1.9924065476600001,
        1.95536742966,
        1.84878207066,
        1.79842106866,
        1.78704901666,
        2.03382068466,
        1.96569434666,
        1.94813797666
      ],
      "exit_codes": [
        0,
        0,
        0,
        0,
        0,
        0,
        0,
        0,
        0,
        0
      ]
    },
    {
      "command": "./node_modules/.bin/tsc dist/partialTypedState.ts",
      "mean": 1.88037021996,
      "stddev": 0.1120336495146795,
      "median": 1.82504545266,
      "user": 3.15861182,
      "system": 0.11924092,
      "min": 1.78207370466,
      "max": 2.05928799466,
      "times": [
        2.00157293666,
        2.05928799466,
        2.05413672166,
        1.79942163166,
        1.82148093466,
        1.78207370466,
        1.85847508366,
        1.7926777966599998,
        1.8286099706599999,
        1.8059654246599999
      ],
      "exit_codes": [
        0,
        0,
        0,
        0,
        0,
        0,
        0,
        0,
        0,
        0
      ]
    },
    {
      "command": "./node_modules/.bin/tsc dist/pickInterfaceState.ts",
      "mean": 1.6617315865599998,
      "stddev": 0.015845224747862388,
      "median": 1.66848937916,
      "user": 2.78230332,
      "system": 0.09710072,
      "min": 1.63536393666,
      "max": 1.67796924366,
      "times": [
        1.67304437266,
        1.64004523066,
        1.67796924366,
        1.63536393666,
        1.66591191866,
        1.66616345866,
        1.6721411636599999,
        1.64300473366,
        1.67285650766,
        1.6708152996599999
      ],
      "exit_codes": [
        0,
        0,
        0,
        0,
        0,
        0,
        0,
        0,
        0,
        0
      ]
    },
    {
      "command": "./node_modules/.bin/tsc dist/seperateInterfaces.ts",
      "mean": 1.64018230356,
      "stddev": 0.015780902567670663,
      "median": 1.64305677266,
      "user": 2.7459326199999996,
      "system": 0.09445152000000001,
      "min": 1.61509880166,
      "max": 1.65860871566,
      "times": [
        1.64171614266,
        1.6493019736599999,
        1.63890062266,
        1.61509880166,
        1.65857686066,
        1.64439740266,
        1.6288114846600001,
        1.65056466366,
        1.65860871566,
        1.61584636766
      ],
      "exit_codes": [
        0,
        0,
        0,
        0,
        0,
        0,
        0,
        0,
        0,
        0
      ]
    }
  ]
}
