{
  "results": [
    {
      "command": "./node_modules/.bin/tsc dist/partialState.ts",
      "mean": 2.62180206998,
      "stddev": 0.11782440423642702,
      "median": 2.58681481358,
      "user": 4.22661866,
      "system": 0.16761914000000003,
      "min": 2.52248348058,
      "max": 2.8931899365800002,
      "times": [
        2.52248348058,
        2.76672175958,
        2.8931899365800002,
        2.62759410658,
        2.58344815058,
        2.5296669405800003,
        2.55831655958,
        2.59018147658,
        2.59164511058,
        2.55477317858
      ],
      "exit_codes": [
        0,
        0,
        0,
        0,
        0,
        0,
        0,
        0,
        0,
        0
      ]
    },
    {
      "command": "./node_modules/.bin/tsc dist/partialTypedState.ts",
      "mean": 2.5732371646800005,
      "stddev": 0.022093911245066832,
      "median": 2.5674841880800003,
      "user": 4.1704358599999996,
      "system": 0.16355424,
      "min": 2.54415619858,
      "max": 2.6273407525800003,
      "times": [
        2.57285992258,
        2.5663451105800004,
        2.6273407525800003,
        2.5650762185800002,
        2.5865114885800002,
        2.5779262385800004,
        2.56519227358,
        2.5686232655800003,
        2.54415619858,
        2.5583401775800003
      ],
      "exit_codes": [
        0,
        0,
        0,
        0,
        0,
        0,
        0,
        0,
        0,
        0
      ]
    },
    {
      "command": "./node_modules/.bin/tsc dist/pickInterfaceState.ts",
      "mean": 2.3449008407800003,
      "stddev": 0.038744003444104294,
      "median": 2.33133831608,
      "user": 3.8263446599999993,
      "system": 0.13824324,
      "min": 2.3091320515800002,
      "max": 2.43407708458,
      "times": [
        2.31499265958,
        2.33853958158,
        2.3091320515800002,
        2.37054379358,
        2.36606927658,
        2.43407708458,
        2.35844788858,
        2.32413705058,
        2.31393758958,
        2.3191314315800002
      ],
      "exit_codes": [
        0,
        0,
        0,
        0,
        0,
        0,
        0,
        0,
        0,
        0
      ]
    },
    {
      "command": "./node_modules/.bin/tsc dist/seperateInterfaces.ts",
      "mean": 2.20633398038,
      "stddev": 0.021163068650493184,
      "median": 2.19830664908,
      "user": 3.64449166,
      "system": 0.13107403999999998,
      "min": 2.18144611158,
      "max": 2.2422208405800004,
      "times": [
        2.18144611158,
        2.1976016625800003,
        2.19859772158,
        2.2332280465800003,
        2.2422208405800004,
        2.19801557658,
        2.1835127875800002,
        2.2280857585800002,
        2.20833529658,
        2.1922960015800004
      ],
      "exit_codes": [
        0,
        0,
        0,
        0,
        0,
        0,
        0,
        0,
        0,
        0
      ]
    }
  ]
}
