{
  "results": [
    {
      "command": "./node_modules/.bin/tsc dist/partialState.ts",
      "mean": 2.2871736726600003,
      "stddev": 0.13450618797672528,
      "median": 2.28327890916,
      "user": 3.75392886,
      "system": 0.15034128,
      "min": 2.0696736266599998,
      "max": 2.48032732966,
      "times": [
        2.11984987566,
        2.21750625166,
        2.0696736266599998,
        2.48032732966,
        2.32406091366,
        2.22902449866,
        2.35401312766,
        2.24249690466,
        2.40637790166,
        2.42840629666
      ],
      "exit_codes": [
        0,
        0,
        0,
        0,
        0,
        0,
        0,
        0,
        0,
        0
      ]
    },
    {
      "command": "./node_modules/.bin/tsc dist/partialTypedState.ts",
      "mean": 2.3219318723599995,
      "stddev": 0.06694101006256019,
      "median": 2.31197349316,
      "user": 3.8261363599999996,
      "system": 0.15024217999999998,
      "min": 2.24158671766,
      "max": 2.41985315566,
      "times": [
        2.31722969966,
        2.39880593366,
        2.41985315566,
        2.4091436866600002,
        2.25307287266,
        2.28945782666,
        2.24158671766,
        2.32977777266,
        2.25367377166,
        2.30671728666
      ],
      "exit_codes": [
        0,
        0,
        0,
        0,
        0,
        0,
        0,
        0,
        0,
        0
      ]
    },
    {
      "command": "./node_modules/.bin/tsc dist/pickInterfaceState.ts",
      "mean": 2.09969961936,
      "stddev": 0.11436919057559708,
      "median": 2.09332315766,
      "user": 3.4795960599999995,
      "system": 0.12174728000000001,
      "min": 1.9410337206600001,
      "max": 2.34641638466,
      "times": [
        2.05832050166,
        2.15357485266,
        2.11319707466,
        2.07344924066,
        2.03537701566,
        2.14756582566,
        2.34641638466,
        2.15681989966,
        1.9712416776600001,
        1.9410337206600001
      ],
      "exit_codes": [
        0,
        0,
        0,
        0,
        0,
        0,
        0,
        0,
        0,
        0
      ]
    },
    {
      "command": "./node_modules/.bin/tsc dist/seperateInterfaces.ts",
      "mean": 2.02825424396,
      "stddev": 0.07866521414523367,
      "median": 2.05587106716,
      "user": 3.35992956,
      "system": 0.11902708,
      "min": 1.90923153266,
      "max": 2.11018226466,
      "times": [
        2.11018226466,
        2.09775993566,
        2.08409635866,
        1.90923153266,
        2.08766474666,
        1.95139110066,
        2.0998919316599998,
        2.02764577566,
        1.99079267466,
        1.92388611866
      ],
      "exit_codes": [
        0,
        0,
        0,
        0,
        0,
        0,
        0,
        0,
        0,
        0
      ]
    }
  ]
}
