{
  "results": [
    {
      "command": "./node_modules/.bin/tsc dist/partialState.ts",
      "mean": 1.73368268638,
      "stddev": 0.03002494075569061,
      "median": 1.72958653958,
      "user": 2.8998988999999997,
      "system": 0.10929702000000001,
      "min": 1.68252980108,
      "max": 1.7856628030800001,
      "times": [
        1.7856628030800001,
        1.72160272908,
        1.7092086840800003,
        1.74278350008,
        1.7500784440800001,
        1.7366481120800001,
        1.7225249670800002,
        1.68252980108,
        1.7693078640800002,
        1.7164799590800002
      ],
      "exit_codes": [
        0,
        0,
        0,
        0,
        0,
        0,
        0,
        0,
        0,
        0
      ]
    },
    {
      "command": "./node_modules/.bin/tsc dist/partialTypedState.ts",
      "mean": 1.7444751756800003,
      "stddev": 0.06723256138773724,
      "median": 1.72750973908,
      "user": 2.9050526000000003,
      "system": 0.11147961999999997,
      "min": 1.6901365320800001,
      "max": 1.91861781108,
      "times": [
        1.7675922270800002,
        1.71737596208,
        1.74634798408,
        1.7376435160800001,
        1.91861781108,
        1.6909867470800002,
        1.69795329308,
        1.71668281908,
        1.7614148650800001,
        1.6901365320800001
      ],
      "exit_codes": [
        0,
        0,
        0,
        0,
        0,
        0,
        0,
        0,
        0,
        0
      ]
    },
    {
      "command": "./node_modules/.bin/tsc dist/pickInterfaceState.ts",
      "mean": 1.67183771278,
      "stddev": 0.029579770054493287,
      "median": 1.6691700480800002,
      "user": 2.7837254000000002,
      "system": 0.10077962,
      "min": 1.63540729308,
      "max": 1.7184715420800003,
      "times": [
        1.6715382650800001,
        1.6366099760800001,
        1.7184715420800003,
        1.69242331208,
        1.6721815840800003,
        1.63540729308,
        1.66566361608,
        1.6441252020800001,
        1.7151545060800002,
        1.6668018310800001
      ],
      "exit_codes": [
        0,
        0,
        0,
        0,
        0,
        0,
        0,
        0,
        0,
        0
      ]
    },
    {
      "command": "./node_modules/.bin/tsc dist/seperateInterfaces.ts",
      "mean": 1.6370222556800003,
      "stddev": 0.03490656605532083,
      "median": 1.6410496355800002,
      "user": 2.7235242,
      "system": 0.10195371999999998,
      "min": 1.5904305810800001,
      "max": 1.69195485108,
      "times": [
        1.6440394680800001,
        1.5904305810800001,
        1.62278261908,
        1.6413312100800002,
        1.6139754560800001,
        1.5915881820800002,
        1.6905416000800002,
        1.6428105280800003,
        1.69195485108,
        1.6407680610800002
      ],
      "exit_codes": [
        0,
        0,
        0,
        0,
        0,
        0,
        0,
        0,
        0,
        0
      ]
    }
  ]
}
