{
  "results": [
    {
      "command": "./node_modules/.bin/tsc dist/partialState.ts",
      "mean": 1.6366398029600002,
      "stddev": 0.023296419494919188,
      "median": 1.6411527645600001,
      "user": 2.7581782599999998,
      "system": 0.10131399999999999,
      "min": 1.58879953356,
      "max": 1.66259351256,
      "times": [
        1.6345455535600002,
        1.66259351256,
        1.63950510056,
        1.63917303256,
        1.58879953356,
        1.6044281635600002,
        1.6476492555600002,
        1.6428004285600002,
        1.66185340556,
        1.6450500435600002
      ],
      "exit_codes": [
        0,
        0,
        0,
        0,
        0,
        0,
        0,
        0,
        0,
        0
      ]
    },
    {
      "command": "./node_modules/.bin/tsc dist/partialTypedState.ts",
      "mean": 1.62403561736,
      "stddev": 0.01999685537218572,
      "median": 1.6341669905600003,
      "user": 2.7516314599999996,
      "system": 0.10100239999999998,
      "min": 1.5911346395600001,
      "max": 1.64366666856,
      "times": [
        1.6392729835600002,
        1.6117897825600003,
        1.6422771385600001,
        1.63307191956,
        1.64366666856,
        1.5911346395600001,
        1.59839857956,
        1.6352620615600002,
        1.60619085156,
        1.6392915485600001
      ],
      "exit_codes": [
        0,
        0,
        0,
        0,
        0,
        0,
        0,
        0,
        0,
        0
      ]
    },
    {
      "command": "./node_modules/.bin/tsc dist/pickInterfaceState.ts",
      "mean": 1.6879579596599998,
      "stddev": 0.0931352668521559,
      "median": 1.6959515545600001,
      "user": 2.7919453599999997,
      "system": 0.10221849999999999,
      "min": 1.5523946455600002,
      "max": 1.8150294755600003,
      "times": [
        1.6282433145600002,
        1.6290333115600002,
        1.5523946455600002,
        1.74838582256,
        1.56324886556,
        1.8150294755600003,
        1.66616051556,
        1.7257425935600001,
        1.77805648556,
        1.77328456656
      ],
      "exit_codes": [
        0,
        0,
        0,
        0,
        0,
        0,
        0,
        0,
        0,
        0
      ]
    },
    {
      "command": "./node_modules/.bin/tsc dist/seperateInterfaces.ts",
      "mean": 1.67694382876,
      "stddev": 0.08399664334192884,
      "median": 1.71259460956,
      "user": 2.76456796,
      "system": 0.10206509999999999,
      "min": 1.55733274256,
      "max": 1.79061731056,
      "times": [
        1.73092915856,
        1.79061731056,
        1.74391690156,
        1.73817814056,
        1.69426006056,
        1.7323768585600001,
        1.62008441856,
        1.58613893156,
        1.57560376456,
        1.55733274256
      ],
      "exit_codes": [
        0,
        0,
        0,
        0,
        0,
        0,
        0,
        0,
        0,
        0
      ]
    }
  ]
}
