{
  "results": [
    {
      "command": "./node_modules/.bin/tsc dist/partialState.ts",
      "mean": 2.19852953036,
      "stddev": 0.06220105284255291,
      "median": 2.18711739126,
      "user": 3.5864770399999992,
      "system": 0.13637977999999998,
      "min": 2.14000122726,
      "max": 2.33496956726,
      "times": [
        2.20688311826,
        2.18803265126,
        2.33496956726,
        2.27545474926,
        2.19455676526,
        2.14000122726,
        2.16740995326,
        2.14441578526,
        2.18620213126,
        2.14736935526
      ],
      "exit_codes": [
        0,
        0,
        0,
        0,
        0,
        0,
        0,
        0,
        0,
        0
      ]
    },
    {
      "command": "./node_modules/.bin/tsc dist/partialTypedState.ts",
      "mean": 2.1508532777600005,
      "stddev": 0.017978540955288527,
      "median": 2.15030299476,
      "user": 3.5283820399999994,
      "system": 0.13318728,
      "min": 2.12604450526,
      "max": 2.19031545526,
      "times": [
        2.12604450526,
        2.14831932526,
        2.19031545526,
        2.15228666426,
        2.16101818726,
        2.16125433226,
        2.13741177926,
        2.14550177626,
        2.15292632426,
        2.13345442826
      ],
      "exit_codes": [
        0,
        0,
        0,
        0,
        0,
        0,
        0,
        0,
        0,
        0
      ]
    },
    {
      "command": "./node_modules/.bin/tsc dist/pickInterfaceState.ts",
      "mean": 1.97042911966,
      "stddev": 0.059765589634972215,
      "median": 1.95488132726,
      "user": 3.2526582399999997,
      "system": 0.10598878,
      "min": 1.9261422432600002,
      "max": 2.13155025926,
      "times": [
        1.9261422432600002,
        1.96893925026,
        1.9718442072600002,
        1.98640472026,
        1.95427600226,
        1.93168391126,
        1.95548665226,
        1.94026704426,
        1.93769690626,
        2.13155025926
      ],
      "exit_codes": [
        0,
        0,
        0,
        0,
        0,
        0,
        0,
        0,
        0,
        0
      ]
    },
    {
      "command": "./node_modules/.bin/tsc dist/seperateInterfaces.ts",
      "mean": 1.8982795717600003,
      "stddev": 0.05814108821654794,
      "median": 1.8695947642600002,
      "user": 3.1445831399999995,
      "system": 0.10403977999999998,
      "min": 1.86494225426,
      "max": 2.0391118922600002,
      "times": [
        1.8824890972600001,
        2.0391118922600002,
        1.8650145772600002,
        1.8937671632600002,
        1.8672624932600002,
        1.86683688426,
        1.8664857432600002,
        1.96495857726,
        1.8719270352600001,
        1.86494225426
      ],
      "exit_codes": [
        0,
        0,
        0,
        0,
        0,
        0,
        0,
        0,
        0,
        0
      ]
    }
  ]
}
