{
  "results": [
    {
      "command": "./node_modules/.bin/tsc dist/partialState.ts",
      "mean": 1.70482186614,
      "stddev": 0.026442537257894985,
      "median": 1.7165780016399999,
      "user": 2.8360412800000003,
      "system": 0.10604480000000001,
      "min": 1.6615610411400001,
      "max": 1.74194205814,
      "times": [
        1.71941859214,
        1.71529242314,
        1.66434870314,
        1.7244363111399998,
        1.6615610411400001,
        1.69307583014,
        1.74194205814,
        1.6911811241399999,
        1.71786358014,
        1.71909899814
      ],
      "exit_codes": [
        0,
        0,
        0,
        0,
        0,
        0,
        0,
        0,
        0,
        0
      ]
    },
    {
      "command": "./node_modules/.bin/tsc dist/partialTypedState.ts",
      "mean": 1.72170742434,
      "stddev": 0.06609851178105718,
      "median": 1.69715411064,
      "user": 2.87418308,
      "system": 0.1084515,
      "min": 1.6630909971399999,
      "max": 1.86307805014,
      "times": [
        1.69150636314,
        1.80262034114,
        1.70280185814,
        1.67718077414,
        1.74418202014,
        1.73349875814,
        1.6630909971399999,
        1.6724874721399998,
        1.86307805014,
        1.6666276091399999
      ],
      "exit_codes": [
        0,
        0,
        0,
        0,
        0,
        0,
        0,
        0,
        0,
        0
      ]
    },
    {
      "command": "./node_modules/.bin/tsc dist/pickInterfaceState.ts",
      "mean": 1.62681429704,
      "stddev": 0.02519859217791779,
      "median": 1.62565251414,
      "user": 2.6922674800000004,
      "system": 0.09380920000000001,
      "min": 1.59338424314,
      "max": 1.6705316961399999,
      "times": [
        1.61013272514,
        1.6361912841400001,
        1.6012820101399998,
        1.6151137441399999,
        1.63721845314,
        1.64824065214,
        1.6061074631399999,
        1.6705316961399999,
        1.64994069914,
        1.59338424314
      ],
      "exit_codes": [
        0,
        0,
        0,
        0,
        0,
        0,
        0,
        0,
        0,
        0
      ]
    },
    {
      "command": "./node_modules/.bin/tsc dist/seperateInterfaces.ts",
      "mean": 1.59832753224,
      "stddev": 0.029120357723320472,
      "median": 1.59020183264,
      "user": 2.65240938,
      "system": 0.0982168,
      "min": 1.56809790914,
      "max": 1.66693998214,
      "times": [
        1.58521308614,
        1.5872876971399998,
        1.66693998214,
        1.56809790914,
        1.6136407401400001,
        1.5940099941399999,
        1.59056887714,
        1.5898347881400001,
        1.56843563814,
        1.6192466101399998
      ],
      "exit_codes": [
        0,
        0,
        0,
        0,
        0,
        0,
        0,
        0,
        0,
        0
      ]
    }
  ]
}
