{
  "results": [
    {
      "command": "./node_modules/.bin/tsc dist/partialState.ts",
      "mean": 2.38037752222,
      "stddev": 0.03973982974610864,
      "median": 2.38025620252,
      "user": 3.9642572199999995,
      "system": 0.15601793999999997,
      "min": 2.31844036202,
      "max": 2.46769005502,
      "times": [
        2.39677541702,
        2.37481198402,
        2.31844036202,
        2.36442623302,
        2.34729659702,
        2.40345711002,
        2.3580523370199997,
        2.38712470602,
        2.46769005502,
        2.38570042102
      ],
      "exit_codes": [
        0,
        0,
        0,
        0,
        0,
        0,
        0,
        0,
        0,
        0
      ]
    },
    {
      "command": "./node_modules/.bin/tsc dist/partialTypedState.ts",
      "mean": 2.37472795042,
      "stddev": 0.029183486874785974,
      "median": 2.3685470015199996,
      "user": 3.935796619999999,
      "system": 0.15185913999999998,
      "min": 2.33636443902,
      "max": 2.42635465102,
      "times": [
        2.3607405950199998,
        2.41021003702,
        2.42635465102,
        2.40349852802,
        2.35748895302,
        2.33636443902,
        2.36904282202,
        2.36805118102,
        2.36992994402,
        2.34559835402
      ],
      "exit_codes": [
        0,
        0,
        0,
        0,
        0,
        0,
        0,
        0,
        0,
        0
      ]
    },
    {
      "command": "./node_modules/.bin/tsc dist/pickInterfaceState.ts",
      "mean": 2.07561647952,
      "stddev": 0.02071250793246928,
      "median": 2.0754233705200003,
      "user": 3.37632782,
      "system": 0.11167434000000001,
      "min": 2.04554031002,
      "max": 2.11193328402,
      "times": [
        2.08000360502,
        2.06387462102,
        2.07188467902,
        2.08517323902,
        2.10214521202,
        2.11193328402,
        2.05274824202,
        2.07896206202,
        2.06389954102,
        2.04554031002
      ],
      "exit_codes": [
        0,
        0,
        0,
        0,
        0,
        0,
        0,
        0,
        0,
        0
      ]
    },
    {
      "command": "./node_modules/.bin/tsc dist/seperateInterfaces.ts",
      "mean": 1.9658474741200003,
      "stddev": 0.05786957214544233,
      "median": 1.94321699552,
      "user": 3.23432952,
      "system": 0.10805844,
      "min": 1.91832768102,
      "max": 2.12192969602,
      "times": [
        1.9405822660199998,
        1.95696933902,
        1.93910031302,
        1.94287343302,
        1.9435605580200002,
        2.12192969602,
        1.98740722902,
        1.9663320580199999,
        1.91832768102,
        1.9413921680200001
      ],
      "exit_codes": [
        0,
        0,
        0,
        0,
        0,
        0,
        0,
        0,
        0,
        0
      ]
    }
  ]
}
