{
  "results": [
    {
      "command": "./node_modules/.bin/tsc dist/partialState.ts",
      "mean": 1.80101458088,
      "stddev": 0.07290267057289837,
      "median": 1.77911970338,
      "user": 3.03601806,
      "system": 0.11081383999999998,
      "min": 1.70979643838,
      "max": 1.9195339823800002,
      "times": [
        1.70979643838,
        1.79125741138,
        1.76698199538,
        1.7291234823800001,
        1.7577362033800001,
        1.87446523838,
        1.79779544538,
        1.76144671738,
        1.90200889438,
        1.9195339823800002
      ],
      "exit_codes": [
        0,
        0,
        0,
        0,
        0,
        0,
        0,
        0,
        0,
        0
      ]
    },
    {
      "command": "./node_modules/.bin/tsc dist/partialTypedState.ts",
      "mean": 1.9038899179800002,
      "stddev": 0.13423728379629984,
      "median": 1.87215145388,
      "user": 3.16692246,
      "system": 0.12099003999999998,
      "min": 1.69395322138,
      "max": 2.12212088438,
      "times": [
        2.12212088438,
        1.86652243438,
        2.0346457033800003,
        1.74725323138,
        1.69395322138,
        2.05065087538,
        1.8550390193800002,
        1.85871470338,
        1.93221863338,
        1.87778047338
      ],
      "exit_codes": [
        0,
        0,
        0,
        0,
        0,
        0,
        0,
        0,
        0,
        0
      ]
    },
    {
      "command": "./node_modules/.bin/tsc dist/pickInterfaceState.ts",
      "mean": 1.8066835494800002,
      "stddev": 0.092569335668286,
      "median": 1.80852082938,
      "user": 2.99699736,
      "system": 0.11158994,
      "min": 1.6598187953799999,
      "max": 1.9969598063799998,
      "times": [
        1.7665643773800002,
        1.69547695138,
        1.83953377238,
        1.9969598063799998,
        1.79753566338,
        1.81173413138,
        1.86860419738,
        1.8053075273799999,
        1.6598187953799999,
        1.82530027238
      ],
      "exit_codes": [
        0,
        0,
        0,
        0,
        0,
        0,
        0,
        0,
        0,
        0
      ]
    },
    {
      "command": "./node_modules/.bin/tsc dist/seperateInterfaces.ts",
      "mean": 1.7558486636800001,
      "stddev": 0.1361070742103136,
      "median": 1.75932029888,
      "user": 2.86896766,
      "system": 0.10991214,
      "min": 1.54817433138,
      "max": 1.99668511238,
      "times": [
        1.67821414438,
        1.5699658063800002,
        1.54817433138,
        1.77101642138,
        1.74205764538,
        1.74762417638,
        1.80572042138,
        1.80211040638,
        1.99668511238,
        1.89691817138
      ],
      "exit_codes": [
        0,
        0,
        0,
        0,
        0,
        0,
        0,
        0,
        0,
        0
      ]
    }
  ]
}
