{
  "results": [
    {
      "command": "./node_modules/.bin/tsc dist/partialState.ts",
      "mean": 2.0227740841799995,
      "stddev": 0.03155862007153325,
      "median": 2.01374302738,
      "user": 3.3686951,
      "system": 0.12878159999999997,
      "min": 1.9848245123800001,
      "max": 2.09115791238,
      "times": [
        2.0277621503799996,
        2.01052615038,
        2.04496855738,
        1.99726310738,
        1.9848245123800001,
        2.04891735938,
        2.00127862138,
        2.09115791238,
        2.0040825663799997,
        2.0169599043799997
      ],
      "exit_codes": [
        0,
        0,
        0,
        0,
        0,
        0,
        0,
        0,
        0,
        0
      ]
    },
    {
      "command": "./node_modules/.bin/tsc dist/partialTypedState.ts",
      "mean": 2.0345643210800004,
      "stddev": 0.03560588447303394,
      "median": 2.0322543068799996,
      "user": 3.37432,
      "system": 0.12974199999999997,
      "min": 1.9904547863800002,
      "max": 2.0994221773799997,
      "times": [
        2.0994221773799997,
        2.0608441323799997,
        2.06433481238,
        1.9904547863800002,
        2.01908080538,
        2.03234392338,
        2.05532189838,
        2.0321646903799997,
        1.99556768138,
        1.99610830338
      ],
      "exit_codes": [
        0,
        0,
        0,
        0,
        0,
        0,
        0,
        0,
        0,
        0
      ]
    },
    {
      "command": "./node_modules/.bin/tsc dist/pickInterfaceState.ts",
      "mean": 1.8986434181800003,
      "stddev": 0.039453459628678786,
      "median": 1.8870856413800001,
      "user": 3.1784906,
      "system": 0.109071,
      "min": 1.8480820823800002,
      "max": 1.99289572938,
      "times": [
        1.9171739193800001,
        1.99289572938,
        1.8848772533800002,
        1.8480820823800002,
        1.88286553238,
        1.8732448303800002,
        1.92460536738,
        1.87978821838,
        1.88929402938,
        1.89360721938
      ],
      "exit_codes": [
        0,
        0,
        0,
        0,
        0,
        0,
        0,
        0,
        0,
        0
      ]
    },
    {
      "command": "./node_modules/.bin/tsc dist/seperateInterfaces.ts",
      "mean": 1.8121133883799998,
      "stddev": 0.0216278615840395,
      "median": 1.8070400878800001,
      "user": 3.0310246,
      "system": 0.1036805,
      "min": 1.78151967038,
      "max": 1.8423980553800001,
      "times": [
        1.80472070538,
        1.83556714938,
        1.78151967038,
        1.8057891733800002,
        1.8308387193800002,
        1.80829100238,
        1.83146807138,
        1.7872743933800002,
        1.7932669433800001,
        1.8423980553800001
      ],
      "exit_codes": [
        0,
        0,
        0,
        0,
        0,
        0,
        0,
        0,
        0,
        0
      ]
    }
  ]
}
