{
  "results": [
    {
      "command": "./node_modules/.bin/tsc dist/partialState.ts",
      "mean": 2.89733038498,
      "stddev": 0.11448367179289724,
      "median": 2.84269323108,
      "user": 4.752061100000001,
      "system": 0.17359172,
      "min": 2.80843841208,
      "max": 3.17043856408,
      "times": [
        2.9033265460799997,
        2.93281745108,
        2.85790787908,
        2.80843841208,
        2.82747858308,
        2.82235461908,
        2.8211025530800002,
        2.82611029108,
        3.00332895108,
        3.17043856408
      ],
      "exit_codes": [
        0,
        0,
        0,
        0,
        0,
        0,
        0,
        0,
        0,
        0
      ]
    },
    {
      "command": "./node_modules/.bin/tsc dist/partialTypedState.ts",
      "mean": 2.8927661435800003,
      "stddev": 0.07690164725848982,
      "median": 2.89064730008,
      "user": 4.746808600000001,
      "system": 0.17505991999999998,
      "min": 2.79773374508,
      "max": 2.98900815608,
      "times": [
        2.97893146308,
        2.8366320910800003,
        2.96163930508,
        2.81581224508,
        2.81059559808,
        2.98900815608,
        2.79773374508,
        2.85237929008,
        2.92891531008,
        2.9560142320800002
      ],
      "exit_codes": [
        0,
        0,
        0,
        0,
        0,
        0,
        0,
        0,
        0,
        0
      ]
    },
    {
      "command": "./node_modules/.bin/tsc dist/pickInterfaceState.ts",
      "mean": 2.44539584398,
      "stddev": 0.041755288436639164,
      "median": 2.44328279358,
      "user": 3.9554765999999995,
      "system": 0.13418342,
      "min": 2.39732064608,
      "max": 2.52519904008,
      "times": [
        2.40238135808,
        2.40394610708,
        2.46646522708,
        2.4812494690799998,
        2.45933442708,
        2.42723116008,
        2.46980600908,
        2.39732064608,
        2.42102499608,
        2.52519904008
      ],
      "exit_codes": [
        0,
        0,
        0,
        0,
        0,
        0,
        0,
        0,
        0,
        0
      ]
    },
    {
      "command": "./node_modules/.bin/tsc dist/seperateInterfaces.ts",
      "mean": 2.34906575118,
      "stddev": 0.06787282495602716,
      "median": 2.36016825458,
      "user": 3.7901565999999995,
      "system": 0.13071681999999996,
      "min": 2.26579138308,
      "max": 2.43635487408,
      "times": [
        2.27802261708,
        2.28847779008,
        2.42162974208,
        2.35353426408,
        2.36680224508,
        2.42885653808,
        2.37619021108,
        2.26579138308,
        2.27499784708,
        2.43635487408
      ],
      "exit_codes": [
        0,
        0,
        0,
        0,
        0,
        0,
        0,
        0,
        0,
        0
      ]
    }
  ]
}
