{
  "results": [
    {
      "command": "./node_modules/.bin/tsc dist/partialState.ts",
      "mean": 3.1713488179200002,
      "stddev": 0.2676278253390267,
      "median": 3.1437630827200005,
      "user": 5.11751376,
      "system": 0.21827414000000003,
      "min": 2.8004885557200003,
      "max": 3.7103331387200003,
      "times": [
        2.9809446627200002,
        3.1087612147200003,
        2.8004885557200003,
        3.04418228772,
        3.17876495072,
        3.36429705372,
        3.7103331387200003,
        3.35135906172,
        3.28260280172,
        2.8917544517200002
      ],
      "exit_codes": [
        0,
        0,
        0,
        0,
        0,
        0,
        0,
        0,
        0,
        0
      ]
    },
    {
      "command": "./node_modules/.bin/tsc dist/partialTypedState.ts",
      "mean": 2.7924448583200006,
      "stddev": 0.14324676937748648,
      "median": 2.79890720272,
      "user": 4.5897631599999995,
      "system": 0.17766614,
      "min": 2.59713675372,
      "max": 3.03082568172,
      "times": [
        2.7983823777200003,
        2.79943202772,
        2.8291928737200003,
        2.7711307137200003,
        3.03082568172,
        2.9038284667200003,
        2.9385015337200002,
        2.62829439872,
        2.59713675372,
        2.62772375572
      ],
      "exit_codes": [
        0,
        0,
        0,
        0,
        0,
        0,
        0,
        0,
        0,
        0
      ]
    },
    {
      "command": "./node_modules/.bin/tsc dist/pickInterfaceState.ts",
      "mean": 2.23224746792,
      "stddev": 0.10390572124807972,
      "median": 2.1928913467199997,
      "user": 3.6286385599999997,
      "system": 0.12138463999999997,
      "min": 2.18740623872,
      "max": 2.52467650972,
      "times": [
        2.2394501517200003,
        2.19016336072,
        2.52467650972,
        2.19234628272,
        2.21072649772,
        2.1999755487200003,
        2.18740623872,
        2.19220429772,
        2.19208938072,
        2.19343641072
      ],
      "exit_codes": [
        0,
        0,
        0,
        0,
        0,
        0,
        0,
        0,
        0,
        0
      ]
    },
    {
      "command": "./node_modules/.bin/tsc dist/seperateInterfaces.ts",
      "mean": 2.09719918552,
      "stddev": 0.04736430901005963,
      "median": 2.0824851192200002,
      "user": 3.42284666,
      "system": 0.11676484000000001,
      "min": 2.05075619972,
      "max": 2.1905537437200002,
      "times": [
        2.0895891677200003,
        2.05075619972,
        2.0670831457200003,
        2.06636242272,
        2.1905537437200002,
        2.17094971072,
        2.05974046672,
        2.09537977972,
        2.10619614772,
        2.07538107072
      ],
      "exit_codes": [
        0,
        0,
        0,
        0,
        0,
        0,
        0,
        0,
        0,
        0
      ]
    }
  ]
}
