{
  "results": [
    {
      "command": "./node_modules/.bin/tsc dist/partialState.ts",
      "mean": 2.30567704638,
      "stddev": 0.08042196452618074,
      "median": 2.26592523528,
      "user": 3.7153212599999996,
      "system": 0.14925841999999998,
      "min": 2.23081447378,
      "max": 2.44556894578,
      "times": [
        2.26560751778,
        2.23737369378,
        2.23081447378,
        2.24679827678,
        2.24860907178,
        2.31235504478,
        2.40142393678,
        2.40197654978,
        2.44556894578,
        2.26624295278
      ],
      "exit_codes": [
        0,
        0,
        0,
        0,
        0,
        0,
        0,
        0,
        0,
        0
      ]
    },
    {
      "command": "./node_modules/.bin/tsc dist/partialTypedState.ts",
      "mean": 2.2729389380800002,
      "stddev": 0.02461121313819872,
      "median": 2.2656436597800003,
      "user": 3.6628802600000006,
      "system": 0.14870432,
      "min": 2.24343925478,
      "max": 2.32313648578,
      "times": [
        2.26214508678,
        2.26914223278,
        2.2894087127800002,
        2.24343925478,
        2.25891848678,
        2.32313648578,
        2.25563437278,
        2.29490477578,
        2.24910602078,
        2.28355395178
      ],
      "exit_codes": [
        0,
        0,
        0,
        0,
        0,
        0,
        0,
        0,
        0,
        0
      ]
    },
    {
      "command": "./node_modules/.bin/tsc dist/pickInterfaceState.ts",
      "mean": 2.02983494508,
      "stddev": 0.015264640704886173,
      "median": 2.02939544978,
      "user": 3.3205035599999997,
      "system": 0.11239272,
      "min": 2.01326016978,
      "max": 2.05488382078,
      "times": [
        2.05488382078,
        2.01447780878,
        2.04098943778,
        2.03760417378,
        2.02118672578,
        2.01650696778,
        2.04475077378,
        2.03932348178,
        2.01536609078,
        2.01326016978
      ],
      "exit_codes": [
        0,
        0,
        0,
        0,
        0,
        0,
        0,
        0,
        0,
        0
      ]
    },
    {
      "command": "./node_modules/.bin/tsc dist/seperateInterfaces.ts",
      "mean": 1.9501244713800001,
      "stddev": 0.0448620247915075,
      "median": 1.93933653278,
      "user": 3.2123757600000005,
      "system": 0.10873672000000001,
      "min": 1.91484047178,
      "max": 2.07022388978,
      "times": [
        1.93057837778,
        1.93334007778,
        1.9450002987800001,
        1.94182072378,
        1.93960903778,
        1.9390640277800002,
        1.96947822578,
        2.07022388978,
        1.91484047178,
        1.91728958278
      ],
      "exit_codes": [
        0,
        0,
        0,
        0,
        0,
        0,
        0,
        0,
        0,
        0
      ]
    }
  ]
}
