{
  "results": [
    {
      "command": "./node_modules/.bin/tsc dist/partialState.ts",
      "mean": 2.1700605235399992,
      "stddev": 0.05028281287379322,
      "median": 2.14942365034,
      "user": 3.5863874800000004,
      "system": 0.1337701,
      "min": 2.13194913184,
      "max": 2.2963285398399997,
      "times": [
        2.20223483484,
        2.2963285398399997,
        2.1396786148399998,
        2.14156279284,
        2.13194913184,
        2.14013450884,
        2.15728450784,
        2.19250175684,
        2.14002961084,
        2.15890093684
      ],
      "exit_codes": [
        0,
        0,
        0,
        0,
        0,
        0,
        0,
        0,
        0,
        0
      ]
    },
    {
      "command": "./node_modules/.bin/tsc dist/partialTypedState.ts",
      "mean": 2.16329131724,
      "stddev": 0.02821117307590274,
      "median": 2.16171025734,
      "user": 3.56498298,
      "system": 0.13324599999999998,
      "min": 2.12413308584,
      "max": 2.21984865184,
      "times": [
        2.17465748784,
        2.13126683184,
        2.12413308584,
        2.21984865184,
        2.16361856984,
        2.19033060184,
        2.15559311084,
        2.14286992784,
        2.17079295984,
        2.15980194484
      ],
      "exit_codes": [
        0,
        0,
        0,
        0,
        0,
        0,
        0,
        0,
        0,
        0
      ]
    },
    {
      "command": "./node_modules/.bin/tsc dist/pickInterfaceState.ts",
      "mean": 1.9934941891399998,
      "stddev": 0.07646607224256481,
      "median": 1.96710969334,
      "user": 3.296347479999999,
      "system": 0.10755889999999999,
      "min": 1.91914334184,
      "max": 2.15548933984,
      "times": [
        1.91914334184,
        1.92873830184,
        1.95926175384,
        1.9939626698399997,
        2.09877631084,
        1.96642769884,
        1.93993950084,
        1.9677916878400001,
        2.0054112858399997,
        2.15548933984
      ],
      "exit_codes": [
        0,
        0,
        0,
        0,
        0,
        0,
        0,
        0,
        0,
        0
      ]
    },
    {
      "command": "./node_modules/.bin/tsc dist/seperateInterfaces.ts",
      "mean": 1.9875186937399998,
      "stddev": 0.10945003651612818,
      "median": 1.9313787653399999,
      "user": 3.30542678,
      "system": 0.11043189999999999,
      "min": 1.89294196684,
      "max": 2.21416396084,
      "times": [
        2.05728330084,
        2.21416396084,
        2.0048343478399997,
        1.94385409884,
        1.91122305784,
        1.90384452284,
        1.91041794284,
        2.11772030684,
        1.89294196684,
        1.91890343184
      ],
      "exit_codes": [
        0,
        0,
        0,
        0,
        0,
        0,
        0,
        0,
        0,
        0
      ]
    }
  ]
}
