{
  "results": [
    {
      "command": "./node_modules/.bin/tsc dist/partialState.ts",
      "mean": 1.5991102859599997,
      "stddev": 0.05196653973592604,
      "median": 1.58820125506,
      "user": 2.69852544,
      "system": 0.1005452,
      "min": 1.5509136475600003,
      "max": 1.7331041545599999,
      "times": [
        1.6315021335600002,
        1.5787363385600002,
        1.58955492256,
        1.59020251256,
        1.5868475875599999,
        1.5509136475600003,
        1.58295390256,
        1.55515123256,
        1.5921364275600003,
        1.7331041545599999
      ],
      "exit_codes": [
        0,
        0,
        0,
        0,
        0,
        0,
        0,
        0,
        0,
        0
      ]
    },
    {
      "command": "./node_modules/.bin/tsc dist/partialTypedState.ts",
      "mean": 1.6367614636600003,
      "stddev": 0.05193014818283726,
      "median": 1.63720388656,
      "user": 2.76752574,
      "system": 0.10278400000000001,
      "min": 1.55624614156,
      "max": 1.71156686056,
      "times": [
        1.6406061685600002,
        1.65672148756,
        1.71156686056,
        1.6874215985600003,
        1.69547063156,
        1.61201203256,
        1.63380160456,
        1.55624614156,
        1.59607348856,
        1.5776946225600001
      ],
      "exit_codes": [
        0,
        0,
        0,
        0,
        0,
        0,
        0,
        0,
        0,
        0
      ]
    },
    {
      "command": "./node_modules/.bin/tsc dist/pickInterfaceState.ts",
      "mean": 1.57609910066,
      "stddev": 0.05328552695081974,
      "median": 1.56167099606,
      "user": 2.61795904,
      "system": 0.096527,
      "min": 1.5246485595600001,
      "max": 1.7114926395600003,
      "times": [
        1.5884065545600001,
        1.5531615215599999,
        1.5246485595600001,
        1.60107228756,
        1.57018047056,
        1.54172548756,
        1.7114926395600003,
        1.5504837825600002,
        1.5389648245600003,
        1.5808548785600003
      ],
      "exit_codes": [
        0,
        0,
        0,
        0,
        0,
        0,
        0,
        0,
        0,
        0
      ]
    },
    {
      "command": "./node_modules/.bin/tsc dist/seperateInterfaces.ts",
      "mean": 1.5298907627600002,
      "stddev": 0.026723139080727216,
      "median": 1.5242146255600002,
      "user": 2.5517387399999993,
      "system": 0.09311679999999997,
      "min": 1.48974099956,
      "max": 1.58938358756,
      "times": [
        1.5220966385599999,
        1.5438873445599999,
        1.5241457115600001,
        1.48974099956,
        1.51170932056,
        1.53899691656,
        1.5110828935600003,
        1.5242835395600003,
        1.58938358756,
        1.54358067556
      ],
      "exit_codes": [
        0,
        0,
        0,
        0,
        0,
        0,
        0,
        0,
        0,
        0
      ]
    }
  ]
}
