{
  "results": [
    {
      "command": "./node_modules/.bin/tsc dist/partialState.ts",
      "mean": 1.6831201708599999,
      "stddev": 0.04864032456175783,
      "median": 1.66195415056,
      "user": 2.85932422,
      "system": 0.10974737999999999,
      "min": 1.64633607006,
      "max": 1.7773165130600002,
      "times": [
        1.7773165130600002,
        1.76455185106,
        1.68208494206,
        1.66478587206,
        1.64633607006,
        1.64899105506,
        1.64936783406,
        1.65912242906,
        1.68979104606,
        1.64885409606
      ],
      "exit_codes": [
        0,
        0,
        0,
        0,
        0,
        0,
        0,
        0,
        0,
        0
      ]
    },
    {
      "command": "./node_modules/.bin/tsc dist/partialTypedState.ts",
      "mean": 1.6977694816600004,
      "stddev": 0.06256857287489266,
      "median": 1.69556195106,
      "user": 2.88122302,
      "system": 0.11400008000000002,
      "min": 1.61968075906,
      "max": 1.81074830806,
      "times": [
        1.61968075906,
        1.6486616490600001,
        1.81074830806,
        1.71896430506,
        1.6360880820600001,
        1.7218230010600002,
        1.71302329906,
        1.65248100806,
        1.6781006030599999,
        1.77812380206
      ],
      "exit_codes": [
        0,
        0,
        0,
        0,
        0,
        0,
        0,
        0,
        0,
        0
      ]
    },
    {
      "command": "./node_modules/.bin/tsc dist/pickInterfaceState.ts",
      "mean": 1.6741158719600002,
      "stddev": 0.06256543571115127,
      "median": 1.6546153350600001,
      "user": 2.80350512,
      "system": 0.10698358,
      "min": 1.59878590806,
      "max": 1.7896979910600002,
      "times": [
        1.72989070106,
        1.7896979910600002,
        1.69240373406,
        1.64158484806,
        1.74027631906,
        1.6627787920600001,
        1.63525177806,
        1.6464518780600002,
        1.59878590806,
        1.60403677006
      ],
      "exit_codes": [
        0,
        0,
        0,
        0,
        0,
        0,
        0,
        0,
        0,
        0
      ]
    },
    {
      "command": "./node_modules/.bin/tsc dist/seperateInterfaces.ts",
      "mean": 1.6100326744600004,
      "stddev": 0.035338663978834645,
      "median": 1.60715337856,
      "user": 2.69370322,
      "system": 0.10248458,
      "min": 1.5636602860600002,
      "max": 1.67808588306,
      "times": [
        1.57492309306,
        1.58098591406,
        1.5636602860600002,
        1.6558456180599999,
        1.61084151406,
        1.60346524306,
        1.61727099906,
        1.61697152806,
        1.59827666606,
        1.67808588306
      ],
      "exit_codes": [
        0,
        0,
        0,
        0,
        0,
        0,
        0,
        0,
        0,
        0
      ]
    }
  ]
}
