{
  "results": [
    {
      "command": "./node_modules/.bin/tsc dist/partialState.ts",
      "mean": 2.0520361302000003,
      "stddev": 0.07236966873659241,
      "median": 2.0395761059,
      "user": 3.3754609799999997,
      "system": 0.12454548000000001,
      "min": 1.9609015804,
      "max": 2.1943336114000003,
      "times": [
        2.1228418214,
        2.0457007784,
        2.0008944314000003,
        2.1943336114000003,
        2.0713624154000003,
        1.9625644654,
        2.0949397754000003,
        2.0333709894000003,
        1.9609015804,
        2.0334514334000002
      ],
      "exit_codes": [
        0,
        0,
        0,
        0,
        0,
        0,
        0,
        0,
        0,
        0
      ]
    },
    {
      "command": "./node_modules/.bin/tsc dist/partialTypedState.ts",
      "mean": 2.0699324350000006,
      "stddev": 0.11998701317618901,
      "median": 2.0148615919000004,
      "user": 3.4015756799999997,
      "system": 0.12881727999999998,
      "min": 1.9638290424,
      "max": 2.2653469324000004,
      "times": [
        2.0390952854,
        1.9638290424,
        2.0257322394000004,
        1.9820296504000001,
        1.9804251504000001,
        2.2200431964000003,
        1.9839473604,
        2.2653469324000004,
        2.2348845484,
        2.0039909444000004
      ],
      "exit_codes": [
        0,
        0,
        0,
        0,
        0,
        0,
        0,
        0,
        0,
        0
      ]
    },
    {
      "command": "./node_modules/.bin/tsc dist/pickInterfaceState.ts",
      "mean": 1.9624846981000001,
      "stddev": 0.14940049491667043,
      "median": 1.9373963989,
      "user": 3.2526445800000006,
      "system": 0.11375298,
      "min": 1.7801134004,
      "max": 2.1755448404,
      "times": [
        1.8778406064000002,
        2.0476421434,
        2.1257891624000003,
        2.1272480354,
        2.1755448404,
        1.9969521914,
        1.8584071294,
        1.8213529814,
        1.7801134004,
        1.8139564904
      ],
      "exit_codes": [
        0,
        0,
        0,
        0,
        0,
        0,
        0,
        0,
        0,
        0
      ]
    },
    {
      "command": "./node_modules/.bin/tsc dist/seperateInterfaces.ts",
      "mean": 1.7306598786000003,
      "stddev": 0.02578246338043472,
      "median": 1.7372548339,
      "user": 2.89378408,
      "system": 0.09660798000000001,
      "min": 1.6916740654,
      "max": 1.7696338694,
      "times": [
        1.7036604684,
        1.7696338694,
        1.7585783204,
        1.7061761254,
        1.7329071494000001,
        1.7416025184,
        1.7130071054,
        1.7428941824,
        1.7464649814000002,
        1.6916740654
      ],
      "exit_codes": [
        0,
        0,
        0,
        0,
        0,
        0,
        0,
        0,
        0,
        0
      ]
    }
  ]
}
