{
  "results": [
    {
      "command": "./node_modules/.bin/tsc dist/partialState.ts",
      "mean": 2.74284623612,
      "stddev": 0.045796300431551626,
      "median": 2.7432947499200004,
      "user": 4.365561299999999,
      "system": 0.18084261999999998,
      "min": 2.69214703342,
      "max": 2.84271150442,
      "times": [
        2.84271150442,
        2.7465928064200003,
        2.70166184642,
        2.7735376564200003,
        2.7651567314200003,
        2.71801878242,
        2.69214703342,
        2.69373104342,
        2.73999669342,
        2.7549082634200004
      ],
      "exit_codes": [
        0,
        0,
        0,
        0,
        0,
        0,
        0,
        0,
        0,
        0
      ]
    },
    {
      "command": "./node_modules/.bin/tsc dist/partialTypedState.ts",
      "mean": 2.8046844670200004,
      "stddev": 0.11143446663888086,
      "median": 2.7599714859200004,
      "user": 4.4387859,
      "system": 0.18489751999999998,
      "min": 2.6914590564200003,
      "max": 2.99332249042,
      "times": [
        2.77817851642,
        2.99332249042,
        2.7067955924200002,
        2.73478945142,
        2.89367187642,
        2.7417644554200002,
        2.82478603342,
        2.96999469542,
        2.71208250242,
        2.6914590564200003
      ],
      "exit_codes": [
        0,
        0,
        0,
        0,
        0,
        0,
        0,
        0,
        0,
        0
      ]
    },
    {
      "command": "./node_modules/.bin/tsc dist/pickInterfaceState.ts",
      "mean": 2.4480992214200006,
      "stddev": 0.02446917006400576,
      "median": 2.4415594459200003,
      "user": 3.924438,
      "system": 0.14268201999999996,
      "min": 2.40721468142,
      "max": 2.4948175904200003,
      "times": [
        2.43686559142,
        2.4413298664200003,
        2.45033465742,
        2.4948175904200003,
        2.4295323674200002,
        2.40721468142,
        2.44159598442,
        2.4744916804200003,
        2.44152290742,
        2.4632868874200002
      ],
      "exit_codes": [
        0,
        0,
        0,
        0,
        0,
        0,
        0,
        0,
        0,
        0
      ]
    },
    {
      "command": "./node_modules/.bin/tsc dist/seperateInterfaces.ts",
      "mean": 2.32318143572,
      "stddev": 0.03536523407220317,
      "median": 2.32071965592,
      "user": 3.7889885999999997,
      "system": 0.13715442,
      "min": 2.28214475942,
      "max": 2.39052299042,
      "times": [
        2.3533390234200002,
        2.30172627042,
        2.28214475942,
        2.33971304142,
        2.39052299042,
        2.34131396742,
        2.29554266942,
        2.2863912814200003,
        2.34217450642,
        2.29894584742
      ],
      "exit_codes": [
        0,
        0,
        0,
        0,
        0,
        0,
        0,
        0,
        0,
        0
      ]
    }
  ]
}
