{
  "results": [
    {
      "command": "./node_modules/.bin/tsc dist/partialState.ts",
      "mean": 1.81850096348,
      "stddev": 0.04698115003637438,
      "median": 1.80533491018,
      "user": 3.0413932800000003,
      "system": 0.11527201999999999,
      "min": 1.76011530568,
      "max": 1.89660380668,
      "times": [
        1.85141681568,
        1.77550598768,
        1.76011530568,
        1.84041661868,
        1.89660380668,
        1.80122071268,
        1.88158763468,
        1.77315937768,
        1.8094491076800001,
        1.79553426768
      ],
      "exit_codes": [
        0,
        0,
        0,
        0,
        0,
        0,
        0,
        0,
        0,
        0
      ]
    },
    {
      "command": "./node_modules/.bin/tsc dist/partialTypedState.ts",
      "mean": 1.80443775178,
      "stddev": 0.020835936278669337,
      "median": 1.7934013816799999,
      "user": 3.0335861799999995,
      "system": 0.11571842000000002,
      "min": 1.79053041768,
      "max": 1.84489753668,
      "times": [
        1.79158155068,
        1.84489753668,
        1.79053041768,
        1.79276557368,
        1.79132553768,
        1.79336870368,
        1.84010779168,
        1.7934340596799998,
        1.79669235368,
        1.8096739926799998
      ],
      "exit_codes": [
        0,
        0,
        0,
        0,
        0,
        0,
        0,
        0,
        0,
        0
      ]
    },
    {
      "command": "./node_modules/.bin/tsc dist/pickInterfaceState.ts",
      "mean": 1.71922821028,
      "stddev": 0.029146500456859036,
      "median": 1.71669303368,
      "user": 2.8569504799999996,
      "system": 0.10025921999999998,
      "min": 1.68578207268,
      "max": 1.78956393968,
      "times": [
        1.7125376686799998,
        1.68578207268,
        1.72089275368,
        1.71564873868,
        1.6881829956799999,
        1.71773732868,
        1.72851486468,
        1.73178761968,
        1.78956393968,
        1.7016341206799999
      ],
      "exit_codes": [
        0,
        0,
        0,
        0,
        0,
        0,
        0,
        0,
        0,
        0
      ]
    },
    {
      "command": "./node_modules/.bin/tsc dist/seperateInterfaces.ts",
      "mean": 1.69148293008,
      "stddev": 0.06185509374286103,
      "median": 1.68163835868,
      "user": 2.80655138,
      "system": 0.10090342,
      "min": 1.63596245168,
      "max": 1.84315213968,
      "times": [
        1.6498991616799998,
        1.69405402368,
        1.68250884768,
        1.63596245168,
        1.7408167336799998,
        1.69299824668,
        1.65377769168,
        1.68076786968,
        1.84315213968,
        1.6408921346799998
      ],
      "exit_codes": [
        0,
        0,
        0,
        0,
        0,
        0,
        0,
        0,
        0,
        0
      ]
    }
  ]
}
