{
  "results": [
    {
      "command": "./node_modules/.bin/tsc dist/partialState.ts",
      "mean": 2.112545925,
      "stddev": 0.06380246927913628,
      "median": 2.0974062952,
      "user": 3.4819019599999996,
      "system": 0.13661294000000002,
      "min": 2.0448954947,
      "max": 2.2496747797,
      "times": [
        2.0888969247,
        2.0628601997000002,
        2.1735772257,
        2.1059156657,
        2.0801467307,
        2.0448954947,
        2.1384621007,
        2.2496747797,
        2.1339149037,
        2.0471152247
      ],
      "exit_codes": [
        0,
        0,
        0,
        0,
        0,
        0,
        0,
        0,
        0,
        0
      ]
    },
    {
      "command": "./node_modules/.bin/tsc dist/partialTypedState.ts",
      "mean": 2.2407376467,
      "stddev": 0.1152295702972922,
      "median": 2.2318017382,
      "user": 3.6874395600000005,
      "system": 0.14682143999999997,
      "min": 2.0480941817000002,
      "max": 2.3977775617,
      "times": [
        2.0480941817000002,
        2.3977775617,
        2.1944304557,
        2.1487423467,
        2.2691730207000003,
        2.1761301657,
        2.1421585857,
        2.3247798787000002,
        2.3449647547,
        2.3611255157
      ],
      "exit_codes": [
        0,
        0,
        0,
        0,
        0,
        0,
        0,
        0,
        0,
        0
      ]
    },
    {
      "command": "./node_modules/.bin/tsc dist/pickInterfaceState.ts",
      "mean": 2.0974370419,
      "stddev": 0.11036494533134546,
      "median": 2.0736614487000002,
      "user": 3.4448334599999995,
      "system": 0.12381204000000001,
      "min": 1.9663469097,
      "max": 2.3338500607,
      "times": [
        2.0663524527,
        2.0941588837,
        2.2205637237,
        2.3338500607,
        1.9663469097,
        2.0123485457,
        2.0580174797,
        2.0003993287,
        2.1413625897,
        2.0809704447
      ],
      "exit_codes": [
        0,
        0,
        0,
        0,
        0,
        0,
        0,
        0,
        0,
        0
      ]
    },
    {
      "command": "./node_modules/.bin/tsc dist/seperateInterfaces.ts",
      "mean": 2.0607136034,
      "stddev": 0.06546240684492445,
      "median": 2.0519379797,
      "user": 3.4158339600000005,
      "system": 0.12616123999999998,
      "min": 1.9630119217000002,
      "max": 2.1579215527,
      "times": [
        2.1579215527,
        2.0623733167,
        1.9630119217000002,
        2.1496650317,
        2.0436425287,
        2.0509195357,
        1.9930684467000002,
        2.0529564237,
        2.0095146187,
        2.1240626577
      ],
      "exit_codes": [
        0,
        0,
        0,
        0,
        0,
        0,
        0,
        0,
        0,
        0
      ]
    }
  ]
}
