{
  "results": [
    {
      "command": "./node_modules/.bin/tsc dist/partialState.ts",
      "mean": 2.63453902924,
      "stddev": 0.04703639933028564,
      "median": 2.63324220494,
      "user": 4.34443672,
      "system": 0.16838008,
      "min": 2.56047007294,
      "max": 2.6928108539399997,
      "times": [
        2.6484295689399997,
        2.60965894494,
        2.62300136194,
        2.59017385594,
        2.6928108539399997,
        2.69127886394,
        2.59470638094,
        2.69137734094,
        2.6434830479399998,
        2.56047007294
      ],
      "exit_codes": [
        0,
        0,
        0,
        0,
        0,
        0,
        0,
        0,
        0,
        0
      ]
    },
    {
      "command": "./node_modules/.bin/tsc dist/partialTypedState.ts",
      "mean": 2.58968345614,
      "stddev": 0.037619463207511,
      "median": 2.5893042609399997,
      "user": 4.27836872,
      "system": 0.16877898000000002,
      "min": 2.55218383894,
      "max": 2.67553096694,
      "times": [
        2.61902662294,
        2.56724590394,
        2.55432457294,
        2.59759637094,
        2.55474752394,
        2.58872919594,
        2.59757023894,
        2.67553096694,
        2.5898793259399997,
        2.55218383894
      ],
      "exit_codes": [
        0,
        0,
        0,
        0,
        0,
        0,
        0,
        0,
        0,
        0
      ]
    },
    {
      "command": "./node_modules/.bin/tsc dist/pickInterfaceState.ts",
      "mean": 2.2061528655399996,
      "stddev": 0.018315596099786863,
      "median": 2.1971591564399997,
      "user": 3.57897562,
      "system": 0.11828798,
      "min": 2.19063489294,
      "max": 2.24204773694,
      "times": [
        2.20938687994,
        2.19771972694,
        2.20736054794,
        2.19563066494,
        2.19063489294,
        2.19230923494,
        2.19659858594,
        2.23565043594,
        2.24204773694,
        2.19418994894
      ],
      "exit_codes": [
        0,
        0,
        0,
        0,
        0,
        0,
        0,
        0,
        0,
        0
      ]
    },
    {
      "command": "./node_modules/.bin/tsc dist/seperateInterfaces.ts",
      "mean": 2.10692066274,
      "stddev": 0.07132587396741283,
      "median": 2.08944577844,
      "user": 3.4184274199999996,
      "system": 0.11967537999999997,
      "min": 2.04410489494,
      "max": 2.29264326394,
      "times": [
        2.14115013894,
        2.0888921099399997,
        2.04410489494,
        2.29264326394,
        2.05063031994,
        2.08171586194,
        2.08999944694,
        2.09587597794,
        2.06760883394,
        2.1165857789399998
      ],
      "exit_codes": [
        0,
        0,
        0,
        0,
        0,
        0,
        0,
        0,
        0,
        0
      ]
    }
  ]
}
