{
  "results": [
    {
      "command": "./node_modules/.bin/tsc dist/partialState.ts",
      "mean": 2.0141988057200004,
      "stddev": 0.06699513538202233,
      "median": 2.00732358202,
      "user": 3.31844528,
      "system": 0.12991683999999998,
      "min": 1.95401483502,
      "max": 2.1903954260200003,
      "times": [
        2.1903954260200003,
        2.0118014570200002,
        1.9703134390200001,
        2.0290054570200002,
        1.95401483502,
        2.00749142202,
        1.9812999950199999,
        2.00715574202,
        2.02425698902,
        1.96625329502
      ],
      "exit_codes": [
        0,
        0,
        0,
        0,
        0,
        0,
        0,
        0,
        0,
        0
      ]
    },
    {
      "command": "./node_modules/.bin/tsc dist/partialTypedState.ts",
      "mean": 2.01120395402,
      "stddev": 0.03775398348452511,
      "median": 2.00763827652,
      "user": 3.31508018,
      "system": 0.12827733999999996,
      "min": 1.95663093802,
      "max": 2.09553402102,
      "times": [
        2.01777142302,
        2.00220467902,
        1.97319239802,
        2.00699779302,
        1.9910079810199999,
        2.03274591702,
        1.95663093802,
        2.02767563002,
        2.09553402102,
        2.00827876002
      ],
      "exit_codes": [
        0,
        0,
        0,
        0,
        0,
        0,
        0,
        0,
        0,
        0
      ]
    },
    {
      "command": "./node_modules/.bin/tsc dist/pickInterfaceState.ts",
      "mean": 1.88208200672,
      "stddev": 0.039923712109675304,
      "median": 1.86657175452,
      "user": 3.1592570800000006,
      "system": 0.11123593999999999,
      "min": 1.84095404702,
      "max": 1.94473827502,
      "times": [
        1.94473827502,
        1.8589819780199999,
        1.8577113410200001,
        1.92898770802,
        1.84308086902,
        1.85889708002,
        1.93883459802,
        1.8741615310200002,
        1.84095404702,
        1.87447264002
      ],
      "exit_codes": [
        0,
        0,
        0,
        0,
        0,
        0,
        0,
        0,
        0,
        0
      ]
    },
    {
      "command": "./node_modules/.bin/tsc dist/seperateInterfaces.ts",
      "mean": 1.81834872162,
      "stddev": 0.05168577298809222,
      "median": 1.8159356230200001,
      "user": 3.0404031799999998,
      "system": 0.10911404,
      "min": 1.7548135330199999,
      "max": 1.90962950102,
      "times": [
        1.84413730502,
        1.90962950102,
        1.7548135330199999,
        1.8069059170200001,
        1.82496532902,
        1.82877528802,
        1.80366942402,
        1.88438279602,
        1.76787187002,
        1.75833625302
      ],
      "exit_codes": [
        0,
        0,
        0,
        0,
        0,
        0,
        0,
        0,
        0,
        0
      ]
    }
  ]
}
